date,OBV
2018-04-09 09:30,19156.0
2018-04-09 09:31,29091.0
2018-04-09 09:32,33213.0
2018-04-09 09:33,29770.0
2018-04-09 09:34,34724.0
2018-04-09 09:35,25820.0
2018-04-09 09:36,31820.0
2018-04-09 09:37,39613.0
2018-04-09 09:38,45133.0
2018-04-09 09:39,36181.0
2018-04-09 09:40,30476.0
2018-04-09 09:41,36748.0
2018-04-09 09:42,34808.0
2018-04-09 09:43,31078.0
2018-04-09 09:44,35493.0
2018-04-09 09:45,37893.0
2018-04-09 09:46,41273.0
2018-04-09 09:47,46652.0
2018-04-09 09:48,53702.0
2018-04-09 09:49,52352.0
2018-04-09 09:50,58087.0
2018-04-09 09:51,61387.0
2018-04-09 09:52,65707.0
2018-04-09 09:53,70666.0
2018-04-09 09:54,74183.0
2018-04-09 09:55,81918.0
2018-04-09 09:56,83318.0
2018-04-09 09:57,80304.0
2018-04-09 09:58,72859.0
2018-04-09 09:59,75359.0
2018-04-09 10:00,70659.0
2018-04-09 10:01,74301.0
2018-04-09 10:02,71248.0
2018-04-09 10:03,68955.0
2018-04-09 10:04,66655.0
2018-04-09 10:05,68755.0
2018-04-09 10:06,72642.0
2018-04-09 10:07,70867.0
2018-04-09 10:08,69167.0
2018-04-09 10:09,67441.0
2018-04-09 10:10,59698.0
2018-04-09 10:11,54329.0
2018-04-09 10:12,50798.0
2018-04-09 10:13,53567.0
2018-04-09 10:14,50664.0
2018-04-09 10:15,49464.0
2018-04-09 10:16,50264.0
2018-04-09 10:17,55676.0
2018-04-09 10:18,53676.0
2018-04-09 10:19,52276.0
2018-04-09 10:20,53476.0
2018-04-09 10:21,52276.0
2018-04-09 10:22,52076.0
2018-04-09 10:23,50656.0
2018-04-09 10:24,49956.0
2018-04-09 10:25,51356.0
2018-04-09 10:26,50176.0
2018-04-09 10:27,50776.0
2018-04-09 10:28,53690.0
2018-04-09 10:29,54740.0
2018-04-09 10:30,52539.0
2018-04-09 10:31,58977.0
2018-04-09 10:32,62377.0
2018-04-09 10:33,54292.0
2018-04-09 10:34,53992.0
2018-04-09 10:35,52592.0
2018-04-09 10:36,53717.0
2018-04-09 10:37,51823.0
2018-04-09 10:38,52623.0
2018-04-09 10:39,54123.0
2018-04-09 10:40,54423.0
2018-04-09 10:41,53023.0
2018-04-09 10:42,53023.0
2018-04-09 10:43,57023.0
2018-04-09 10:44,57923.0
2018-04-09 10:45,56423.0
2018-04-09 10:46,61123.0
2018-04-09 10:47,58823.0
2018-04-09 10:48,56723.0
2018-04-09 10:49,59052.0
2018-04-09 10:50,60752.0
2018-04-09 10:51,65948.0
2018-04-09 10:52,66848.0
2018-04-09 10:53,68593.0
2018-04-09 10:54,63199.0
2018-04-09 10:55,60699.0
2018-04-09 10:56,61399.0
2018-04-09 10:57,60149.0
2018-04-09 10:58,61949.0
2018-04-09 10:59,62849.0
2018-04-09 11:00,61867.0
2018-04-09 11:01,59968.0
2018-04-09 11:02,59618.0
2018-04-09 11:03,61905.0
2018-04-09 11:04,61118.0
2018-04-09 11:05,62190.0
2018-04-09 11:06,60530.0
2018-04-09 11:07,62659.0
2018-04-09 11:08,61359.0
2018-04-09 11:09,59263.0
2018-04-09 11:10,60163.0
2018-04-09 11:11,61302.0
2018-04-09 11:12,61102.0
2018-04-09 11:13,61702.0
2018-04-09 11:14,63802.0
2018-04-09 11:15,62652.0
2018-04-09 11:16,57067.0
2018-04-09 11:17,60407.0
2018-04-09 11:18,59607.0
2018-04-09 11:19,58507.0
2018-04-09 11:20,63461.0
2018-04-09 11:21,65461.0
2018-04-09 11:22,66972.0
2018-04-09 11:23,68277.0
2018-04-09 11:24,67177.0
2018-04-09 11:25,65177.0
2018-04-09 11:26,65877.0
2018-04-09 11:27,62677.0
2018-04-09 11:28,61257.0
2018-04-09 11:29,63707.0
2018-04-09 11:30,64701.0
2018-04-09 11:31,66901.0
2018-04-09 11:32,69351.0
2018-04-09 11:33,67494.0
2018-04-09 11:34,70045.0
2018-04-09 11:35,68345.0
2018-04-09 11:36,67345.0
2018-04-09 11:37,66545.0
2018-04-09 11:38,65350.0
2018-04-09 11:39,63850.0
2018-04-09 11:40,63250.0
2018-04-09 11:41,63450.0
2018-04-09 11:42,64550.0
2018-04-09 11:43,65450.0
2018-04-09 11:44,63693.0
2018-04-09 11:45,63893.0
2018-04-09 11:46,78095.0
2018-04-09 11:47,80145.0
2018-04-09 11:48,76085.0
2018-04-09 11:49,87057.0
2018-04-09 11:50,98468.0
2018-04-09 11:51,93889.0
2018-04-09 11:52,94854.0
2018-04-09 11:53,93554.0
2018-04-09 11:54,89510.0
2018-04-09 11:55,90704.0
2018-04-09 11:56,89604.0
2018-04-09 11:57,90904.0
2018-04-09 11:58,88790.0
2018-04-09 11:59,101234.0
2018-04-09 12:00,107629.0
2018-04-09 12:01,108126.0
2018-04-09 12:02,106510.0
2018-04-09 12:03,105492.0
2018-04-09 12:04,106692.0
2018-04-09 12:05,119840.0
2018-04-09 12:06,119540.0
2018-04-09 12:07,125020.0
2018-04-09 12:08,111971.0
2018-04-09 12:09,117569.0
2018-04-09 12:10,122099.0
2018-04-09 12:11,130923.0
2018-04-09 12:12,132801.0
2018-04-09 12:13,132801.0
2018-04-09 12:14,131286.0
2018-04-09 12:15,133656.0
2018-04-09 12:16,138845.0
2018-04-09 12:17,138295.0
2018-04-09 12:18,138795.0
2018-04-09 12:19,136995.0
2018-04-09 12:20,135675.0
2018-04-09 12:21,134875.0
2018-04-09 12:22,134375.0
2018-04-09 12:23,133750.0
2018-04-09 12:25,135293.0
2018-04-09 12:26,135393.0
2018-04-09 12:27,134993.0
2018-04-09 12:29,133872.0
2018-04-09 12:30,137883.0
2018-04-09 12:31,137236.0
2018-04-09 12:32,137036.0
2018-04-09 12:33,137467.0
2018-04-09 12:34,137267.0
2018-04-09 12:35,138517.0
2018-04-09 12:36,138617.0
2018-04-09 12:37,138817.0
2018-04-09 12:38,138917.0
2018-04-09 12:39,136437.0
2018-04-09 12:40,137237.0
2018-04-09 12:41,136437.0
2018-04-09 12:42,137237.0
2018-04-09 12:43,138137.0
2018-04-09 12:44,137737.0
2018-04-09 12:45,138537.0
2018-04-09 12:46,137827.0
2018-04-09 12:47,138227.0
2018-04-09 12:48,138577.0
2018-04-09 12:49,138777.0
2018-04-09 12:50,138977.0
2018-04-09 12:51,139277.0
2018-04-09 12:52,139577.0
2018-04-09 12:53,138600.0
2018-04-09 12:54,138500.0
2018-04-09 12:56,137950.0
2018-04-09 12:57,138050.0
2018-04-09 12:58,137400.0
2018-04-09 12:59,137500.0
2018-04-09 13:00,138744.0
2018-04-09 13:01,139394.0
2018-04-09 13:02,141047.0
2018-04-09 13:03,145247.0
2018-04-09 13:04,145747.0
2018-04-09 13:05,144109.0
2018-04-09 13:06,145109.0
2018-04-09 13:07,146879.0
2018-04-09 13:08,148203.0
2018-04-09 13:09,148203.0
2018-04-09 13:10,149303.0
2018-04-09 13:11,151653.0
2018-04-09 13:12,151153.0
2018-04-09 13:13,151653.0
2018-04-09 13:14,151153.0
2018-04-09 13:15,152153.0
2018-04-09 13:16,151944.0
2018-04-09 13:17,151944.0
2018-04-09 13:18,152544.0
2018-04-09 13:19,152344.0
2018-04-09 13:20,153144.0
2018-04-09 13:21,149743.0
2018-04-09 13:22,148110.0
2018-04-09 13:23,145129.0
2018-04-09 13:24,147320.0
2018-04-09 13:25,145789.0
2018-04-09 13:26,145189.0
2018-04-09 13:27,144839.0
2018-04-09 13:28,144189.0
2018-04-09 13:29,145953.0
2018-04-09 13:30,145053.0
2018-04-09 13:31,139745.0
2018-04-09 13:32,140795.0
2018-04-09 13:33,140195.0
2018-04-09 13:34,141645.0
2018-04-09 13:35,141295.0
2018-04-09 13:36,143195.0
2018-04-09 13:37,142895.0
2018-04-09 13:38,141431.0
2018-04-09 13:39,141859.0
2018-04-09 13:40,141559.0
2018-04-09 13:41,139574.0
2018-04-09 13:42,140374.0
2018-04-09 13:43,135263.0
2018-04-09 13:44,131958.0
2018-04-09 13:45,134334.0
2018-04-09 13:46,134834.0
2018-04-09 13:47,136258.0
2018-04-09 13:49,137618.0
2018-04-09 13:50,138218.0
2018-04-09 13:51,139447.0
2018-04-09 13:52,140249.0
2018-04-09 13:53,141449.0
2018-04-09 13:54,142349.0
2018-04-09 13:55,141549.0
2018-04-09 13:56,141449.0
2018-04-09 13:57,141849.0
2018-04-09 13:58,143049.0
2018-04-09 13:59,143349.0
2018-04-09 14:00,146329.0
2018-04-09 14:01,148431.0
2018-04-09 14:02,147331.0
2018-04-09 14:03,147706.0
2018-04-09 14:04,147206.0
2018-04-09 14:05,146599.0
2018-04-09 14:06,145480.0
2018-04-09 14:07,144380.0
2018-04-09 14:08,143011.0
2018-04-09 14:09,143311.0
2018-04-09 14:10,141691.0
2018-04-09 14:11,140891.0
2018-04-09 14:12,141791.0
2018-04-09 14:13,141491.0
2018-04-09 14:14,143317.0
2018-04-09 14:15,142917.0
2018-04-09 14:16,143017.0
2018-04-09 14:17,143317.0
2018-04-09 14:18,143862.0
2018-04-09 14:19,144265.0
2018-04-09 14:20,145502.0
2018-04-09 14:21,144698.0
2018-04-09 14:22,140222.0
2018-04-09 14:23,138628.0
2018-04-09 14:24,137878.0
2018-04-09 14:25,138078.0
2018-04-09 14:26,137778.0
2018-04-09 14:28,138978.0
2018-04-09 14:29,137780.0
2018-04-09 14:30,138380.0
2018-04-09 14:31,139380.0
2018-04-09 14:32,141080.0
2018-04-09 14:33,142180.0
2018-04-09 14:34,141080.0
2018-04-09 14:35,141280.0
2018-04-09 14:36,140380.0
2018-04-09 14:37,139980.0
2018-04-09 14:38,139280.0
2018-04-09 14:39,139970.0
2018-04-09 14:40,139334.0
2018-04-09 14:41,137084.0
2018-04-09 14:42,135659.0
2018-04-09 14:43,134709.0
2018-04-09 14:44,127657.0
2018-04-09 14:45,122864.0
2018-04-09 14:46,126816.0
2018-04-09 14:47,126016.0
2018-04-09 14:48,126516.0
2018-04-09 14:49,126116.0
2018-04-09 14:50,126666.0
2018-04-09 14:51,127455.0
2018-04-09 14:52,127755.0
2018-04-09 14:53,128155.0
2018-04-09 14:54,127305.0
2018-04-09 14:55,127605.0
2018-04-09 14:56,128005.0
2018-04-09 14:57,129322.0
2018-04-09 14:58,129833.0
2018-04-09 14:59,128670.0
2018-04-09 15:00,127870.0
2018-04-09 15:01,127570.0
2018-04-09 15:02,126970.0
2018-04-09 15:03,126570.0
2018-04-09 15:05,127770.0
2018-04-09 15:07,126770.0
2018-04-09 15:08,125670.0
2018-04-09 15:09,126370.0
2018-04-09 15:10,125370.0
2018-04-09 15:11,125870.0
2018-04-09 15:12,123872.0
2018-04-09 15:14,120202.0
2018-04-09 15:15,117188.0
2018-04-09 15:16,114326.0
2018-04-09 15:17,113603.0
2018-04-09 15:18,113703.0
2018-04-09 15:19,112103.0
2018-04-09 15:20,108287.0
2018-04-09 15:21,107787.0
2018-04-09 15:22,108985.0
2018-04-09 15:23,107685.0
2018-04-09 15:24,105548.0
2018-04-09 15:25,106748.0
2018-04-09 15:26,105270.0
2018-04-09 15:27,106071.0
2018-04-09 15:28,104372.0
2018-04-09 15:29,105092.0
2018-04-09 15:30,107242.0
2018-04-09 15:31,107042.0
2018-04-09 15:32,106517.0
2018-04-09 15:33,107767.0
2018-04-09 15:34,106503.0
2018-04-09 15:35,92038.0
2018-04-09 15:36,92388.0
2018-04-09 15:37,95362.0
2018-04-09 15:38,93712.0
2018-04-09 15:39,98332.0
2018-04-09 15:40,95900.0
2018-04-09 15:41,96929.0
2018-04-09 15:42,94492.0
2018-04-09 15:43,91986.0
2018-04-09 15:44,94004.0
2018-04-09 15:45,102452.0
2018-04-09 15:46,105052.0
2018-04-09 15:47,103226.0
2018-04-09 15:48,101791.0
2018-04-09 15:49,101391.0
2018-04-09 15:50,98192.0
2018-04-09 15:51,79934.0
2018-04-09 15:52,87000.0
2018-04-09 15:53,81993.0
2018-04-09 15:54,78293.0
2018-04-09 15:55,85413.0
2018-04-09 15:56,79513.0
2018-04-09 15:57,72550.0
2018-04-09 15:58,78695.0
2018-04-09 15:59,71670.0
2018-04-09 16:00,268085.0
2018-04-10 09:30,287712.0
2018-04-10 09:31,300442.0
2018-04-10 09:32,278544.0
2018-04-10 09:33,302939.0
2018-04-10 09:34,296298.0
2018-04-10 09:35,306978.0
2018-04-10 09:36,319429.0
2018-04-10 09:37,327184.0
2018-04-10 09:38,336890.0
2018-04-10 09:39,323562.0
2018-04-10 09:40,310216.0
2018-04-10 09:41,286603.0
2018-04-10 09:42,304941.0
2018-04-10 09:43,312039.0
2018-04-10 09:44,299507.0
2018-04-10 09:45,293109.0
2018-04-10 09:46,297662.0
2018-04-10 09:47,289374.0
2018-04-10 09:48,291374.0
2018-04-10 09:49,299660.0
2018-04-10 09:50,307201.0
2018-04-10 09:51,303475.0
2018-04-10 09:52,307053.0
2018-04-10 09:53,301065.0
2018-04-10 09:54,302165.0
2018-04-10 09:55,298572.0
2018-04-10 09:56,299572.0
2018-04-10 09:57,303234.0
2018-04-10 09:58,298314.0
2018-04-10 09:59,302844.0
2018-04-10 10:00,315739.0
2018-04-10 10:01,326834.0
2018-04-10 10:02,321809.0
2018-04-10 10:03,325109.0
2018-04-10 10:04,328486.0
2018-04-10 10:05,327386.0
2018-04-10 10:06,326411.0
2018-04-10 10:07,323274.0
2018-04-10 10:08,321574.0
2018-04-10 10:09,319562.0
2018-04-10 10:10,321180.0
2018-04-10 10:11,319980.0
2018-04-10 10:12,323700.0
2018-04-10 10:13,318173.0
2018-04-10 10:14,325630.0
2018-04-10 10:15,323130.0
2018-04-10 10:16,330078.0
2018-04-10 10:17,337514.0
2018-04-10 10:18,332874.0
2018-04-10 10:19,333574.0
2018-04-10 10:20,331974.0
2018-04-10 10:21,328274.0
2018-04-10 10:22,330374.0
2018-04-10 10:23,332374.0
2018-04-10 10:24,344173.0
2018-04-10 10:25,337634.0
2018-04-10 10:26,338782.0
2018-04-10 10:27,343998.0
2018-04-10 10:28,347675.0
2018-04-10 10:29,345370.0
2018-04-10 10:30,343970.0
2018-04-10 10:31,350765.0
2018-04-10 10:32,348915.0
2018-04-10 10:33,349415.0
2018-04-10 10:34,351110.0
2018-04-10 10:35,349510.0
2018-04-10 10:36,347710.0
2018-04-10 10:37,349208.0
2018-04-10 10:39,352275.0
2018-04-10 10:40,351265.0
2018-04-10 10:41,351920.0
2018-04-10 10:42,352120.0
2018-04-10 10:43,355470.0
2018-04-10 10:44,353925.0
2018-04-10 10:45,355425.0
2018-04-10 10:46,361737.0
2018-04-10 10:47,364737.0
2018-04-10 10:48,361545.0
2018-04-10 10:49,360295.0
2018-04-10 10:50,358247.0
2018-04-10 10:51,356347.0
2018-04-10 10:52,354432.0
2018-04-10 10:53,358223.0
2018-04-10 10:54,356129.0
2018-04-10 10:55,357081.0
2018-04-10 10:56,354414.0
2018-04-10 10:57,352582.0
2018-04-10 10:58,351473.0
2018-04-10 10:59,351151.0
2018-04-10 11:00,353251.0
2018-04-10 11:01,354514.0
2018-04-10 11:02,354614.0
2018-04-10 11:03,355114.0
2018-04-10 11:04,350236.0
2018-04-10 11:05,348036.0
2018-04-10 11:06,344967.0
2018-04-10 11:07,342267.0
2018-04-10 11:08,343067.0
2018-04-10 11:09,342217.0
2018-04-10 11:10,343022.0
2018-04-10 11:11,342322.0
2018-04-10 11:12,340287.0
2018-04-10 11:13,343187.0
2018-04-10 11:14,344287.0
2018-04-10 11:15,345027.0
2018-04-10 11:16,344227.0
2018-04-10 11:17,346230.0
2018-04-10 11:18,344630.0
2018-04-10 11:19,345230.0
2018-04-10 11:20,343865.0
2018-04-10 11:21,346506.0
2018-04-10 11:22,345411.0
2018-04-10 11:23,345911.0
2018-04-10 11:24,346111.0
2018-04-10 11:25,354188.0
2018-04-10 11:26,351948.0
2018-04-10 11:27,348869.0
2018-04-10 11:28,352019.0
2018-04-10 11:29,348121.0
2018-04-10 11:30,351704.0
2018-04-10 11:31,353371.0
2018-04-10 11:32,355764.0
2018-04-10 11:34,358035.0
2018-04-10 11:35,356835.0
2018-04-10 11:36,358151.0
2018-04-10 11:37,363687.0
2018-04-10 11:38,364287.0
2018-04-10 11:39,362325.0
2018-04-10 11:40,363880.0
2018-04-10 11:41,366881.0
2018-04-10 11:42,365059.0
2018-04-10 11:43,368947.0
2018-04-10 11:44,367347.0
2018-04-10 11:45,363422.0
2018-04-10 11:46,357121.0
2018-04-10 11:47,358821.0
2018-04-10 11:48,362890.0
2018-04-10 11:49,358709.0
2018-04-10 11:50,359631.0
2018-04-10 11:51,355831.0
2018-04-10 11:52,359365.0
2018-04-10 11:53,360601.0
2018-04-10 11:54,364245.0
2018-04-10 11:55,365945.0
2018-04-10 11:56,367838.0
2018-04-10 11:57,366538.0
2018-04-10 11:58,367601.0
2018-04-10 11:59,369201.0
2018-04-10 12:00,368001.0
2018-04-10 12:01,366301.0
2018-04-10 12:02,366901.0
2018-04-10 12:03,365581.0
2018-04-10 12:04,368068.0
2018-04-10 12:05,369568.0
2018-04-10 12:06,370510.0
2018-04-10 12:07,369095.0
2018-04-10 12:08,370095.0
2018-04-10 12:09,369895.0
2018-04-10 12:10,370095.0
2018-04-10 12:11,370195.0
2018-04-10 12:12,368020.0
2018-04-10 12:13,368720.0
2018-04-10 12:14,369120.0
2018-04-10 12:15,368520.0
2018-04-10 12:16,367320.0
2018-04-10 12:17,365820.0
2018-04-10 12:18,364220.0
2018-04-10 12:19,364320.0
2018-04-10 12:20,362920.0
2018-04-10 12:21,360375.0
2018-04-10 12:22,361375.0
2018-04-10 12:23,365375.0
2018-04-10 12:24,364175.0
2018-04-10 12:25,365275.0
2018-04-10 12:26,362010.0
2018-04-10 12:27,357110.0
2018-04-10 12:28,363056.0
2018-04-10 12:29,364856.0
2018-04-10 12:30,365056.0
2018-04-10 12:31,366456.0
2018-04-10 12:32,365356.0
2018-04-10 12:34,366856.0
2018-04-10 12:35,364356.0
2018-04-10 12:36,364556.0
2018-04-10 12:37,362356.0
2018-04-10 12:38,361258.0
2018-04-10 12:39,361563.0
2018-04-10 12:40,360063.0
2018-04-10 12:41,363163.0
2018-04-10 12:42,366131.0
2018-04-10 12:43,366531.0
2018-04-10 12:44,364031.0
2018-04-10 12:45,365731.0
2018-04-10 12:46,365031.0
2018-04-10 12:47,364431.0
2018-04-10 12:48,362531.0
2018-04-10 12:49,365031.0
2018-04-10 12:50,372682.0
2018-04-10 12:51,372482.0
2018-04-10 12:52,368296.0
2018-04-10 12:53,367496.0
2018-04-10 12:54,366151.0
2018-04-10 12:55,363936.0
2018-04-10 12:56,369567.0
2018-04-10 12:57,368367.0
2018-04-10 12:58,367467.0
2018-04-10 12:59,368167.0
2018-04-10 13:00,365119.0
2018-04-10 13:01,363376.0
2018-04-10 13:02,366594.0
2018-04-10 13:03,365694.0
2018-04-10 13:04,366240.0
2018-04-10 13:05,365240.0
2018-04-10 13:06,361940.0
2018-04-10 13:07,362307.0
2018-04-10 13:08,364807.0
2018-04-10 13:09,364107.0
2018-04-10 13:10,363407.0
2018-04-10 13:11,362807.0
2018-04-10 13:12,364629.0
2018-04-10 13:13,363507.0
2018-04-10 13:14,363407.0
2018-04-10 13:15,363307.0
2018-04-10 13:16,362216.0
2018-04-10 13:17,361616.0
2018-04-10 13:18,359916.0
2018-04-10 13:19,359013.0
2018-04-10 13:20,358713.0
2018-04-10 13:21,357805.0
2018-04-10 13:22,358220.0
2018-04-10 13:23,360248.0
2018-04-10 13:24,361970.0
2018-04-10 13:25,361070.0
2018-04-10 13:26,361370.0
2018-04-10 13:27,359950.0
2018-04-10 13:28,360650.0
2018-04-10 13:29,362847.0
2018-04-10 13:30,354857.0
2018-04-10 13:31,352243.0
2018-04-10 13:32,353042.0
2018-04-10 13:33,358689.0
2018-04-10 13:34,360025.0
2018-04-10 13:35,360425.0
2018-04-10 13:36,357225.0
2018-04-10 13:37,358831.0
2018-04-10 13:38,359131.0
2018-04-10 13:39,358731.0
2018-04-10 13:40,360551.0
2018-04-10 13:41,358579.0
2018-04-10 13:42,357979.0
2018-04-10 13:43,357779.0
2018-04-10 13:44,358379.0
2018-04-10 13:45,357031.0
2018-04-10 13:46,355631.0
2018-04-10 13:47,353692.0
2018-04-10 13:48,354966.0
2018-04-10 13:49,355266.0
2018-04-10 13:51,355566.0
2018-04-10 13:52,356966.0
2018-04-10 13:53,356154.0
2018-04-10 13:54,357054.0
2018-04-10 13:55,358954.0
2018-04-10 13:56,360054.0
2018-04-10 13:57,361989.0
2018-04-10 13:58,362989.0
2018-04-10 13:59,363519.0
2018-04-10 14:00,363719.0
2018-04-10 14:01,362520.0
2018-04-10 14:02,361780.0
2018-04-10 14:03,361130.0
2018-04-10 14:04,360930.0
2018-04-10 14:05,362130.0
2018-04-10 14:06,362730.0
2018-04-10 14:07,364540.0
2018-04-10 14:08,365969.0
2018-04-10 14:09,365369.0
2018-04-10 14:10,366169.0
2018-04-10 14:11,365669.0
2018-04-10 14:12,366369.0
2018-04-10 14:13,362595.0
2018-04-10 14:14,362595.0
2018-04-10 14:15,361695.0
2018-04-10 14:16,360795.0
2018-04-10 14:17,363295.0
2018-04-10 14:18,360695.0
2018-04-10 14:19,359795.0
2018-04-10 14:20,358545.0
2018-04-10 14:21,361319.0
2018-04-10 14:22,359869.0
2018-04-10 14:23,360939.0
2018-04-10 14:24,361339.0
2018-04-10 14:25,360201.0
2018-04-10 14:26,361101.0
2018-04-10 14:27,362201.0
2018-04-10 14:28,361601.0
2018-04-10 14:29,361101.0
2018-04-10 14:30,359145.0
2018-04-10 14:31,360540.0
2018-04-10 14:32,361340.0
2018-04-10 14:33,360540.0
2018-04-10 14:34,362240.0
2018-04-10 14:35,364240.0
2018-04-10 14:36,362739.0
2018-04-10 14:37,361839.0
2018-04-10 14:38,360339.0
2018-04-10 14:39,358182.0
2018-04-10 14:40,360982.0
2018-04-10 14:41,358482.0
2018-04-10 14:42,356980.0
2018-04-10 14:43,358330.0
2018-04-10 14:44,359830.0
2018-04-10 14:45,360130.0
2018-04-10 14:46,362024.0
2018-04-10 14:47,359974.0
2018-04-10 14:48,359674.0
2018-04-10 14:49,361008.0
2018-04-10 14:50,359808.0
2018-04-10 14:51,360108.0
2018-04-10 14:52,359708.0
2018-04-10 14:53,361053.0
2018-04-10 14:54,361460.0
2018-04-10 14:55,363982.0
2018-04-10 14:56,364432.0
2018-04-10 14:57,364732.0
2018-04-10 14:58,367217.0
2018-04-10 14:59,369886.0
2018-04-10 15:00,371516.0
2018-04-10 15:01,372516.0
2018-04-10 15:02,373316.0
2018-04-10 15:03,370812.0
2018-04-10 15:04,368847.0
2018-04-10 15:05,367347.0
2018-04-10 15:06,367647.0
2018-04-10 15:07,369647.0
2018-04-10 15:08,370177.0
2018-04-10 15:09,376122.0
2018-04-10 15:10,379472.0
2018-04-10 15:11,374486.0
2018-04-10 15:12,373386.0
2018-04-10 15:13,374586.0
2018-04-10 15:14,373186.0
2018-04-10 15:15,374586.0
2018-04-10 15:16,375636.0
2018-04-10 15:17,374736.0
2018-04-10 15:18,375236.0
2018-04-10 15:19,382498.0
2018-04-10 15:20,390462.0
2018-04-10 15:21,379839.0
2018-04-10 15:22,384664.0
2018-04-10 15:23,382183.0
2018-04-10 15:24,375042.0
2018-04-10 15:25,372042.0
2018-04-10 15:26,375788.0
2018-04-10 15:27,371947.0
2018-04-10 15:28,374952.0
2018-04-10 15:29,377829.0
2018-04-10 15:30,383370.0
2018-04-10 15:31,381870.0
2018-04-10 15:32,380870.0
2018-04-10 15:33,379670.0
2018-04-10 15:34,376970.0
2018-04-10 15:35,374370.0
2018-04-10 15:36,375876.0
2018-04-10 15:37,380776.0
2018-04-10 15:38,383791.0
2018-04-10 15:39,381991.0
2018-04-10 15:40,383958.0
2018-04-10 15:41,386458.0
2018-04-10 15:42,388464.0
2018-04-10 15:43,386139.0
2018-04-10 15:44,387639.0
2018-04-10 15:45,385439.0
2018-04-10 15:46,387823.0
2018-04-10 15:47,384652.0
2018-04-10 15:48,386652.0
2018-04-10 15:49,391077.0
2018-04-10 15:50,394327.0
2018-04-10 15:51,398211.0
2018-04-10 15:52,394700.0
2018-04-10 15:53,390601.0
2018-04-10 15:54,388349.0
2018-04-10 15:55,384649.0
2018-04-10 15:56,381358.0
2018-04-10 15:57,377353.0
2018-04-10 15:58,372544.0
2018-04-10 15:59,378291.0
2018-04-10 16:00,543692.0
2018-04-11 09:30,526312.0
2018-04-11 09:31,532023.0
2018-04-11 09:32,538118.0
2018-04-11 09:33,542973.0
2018-04-11 09:34,540705.0
2018-04-11 09:35,539700.0
2018-04-11 09:36,541400.0
2018-04-11 09:37,544911.0
2018-04-11 09:38,551396.0
2018-04-11 09:39,549316.0
2018-04-11 09:40,547116.0
2018-04-11 09:41,544678.0
2018-04-11 09:42,541128.0
2018-04-11 09:43,545385.0
2018-04-11 09:44,543211.0
2018-04-11 09:45,544111.0
2018-04-11 09:46,539340.0
2018-04-11 09:47,541840.0
2018-04-11 09:48,543840.0
2018-04-11 09:49,541529.0
2018-04-11 09:50,539244.0
2018-04-11 09:51,541094.0
2018-04-11 09:52,537026.0
2018-04-11 09:53,529181.0
2018-04-11 09:54,529181.0
2018-04-11 09:55,518032.0
2018-04-11 09:56,526179.0
2018-04-11 09:57,526179.0
2018-04-11 09:58,529247.0
2018-04-11 09:59,534077.0
2018-04-11 10:00,541622.0
2018-04-11 10:01,537407.0
2018-04-11 10:02,535447.0
2018-04-11 10:03,532152.0
2018-04-11 10:04,534584.0
2018-04-11 10:05,535884.0
2018-04-11 10:06,533707.0
2018-04-11 10:07,526459.0
2018-04-11 10:08,521683.0
2018-04-11 10:09,525928.0
2018-04-11 10:10,524128.0
2018-04-11 10:11,525278.0
2018-04-11 10:12,520122.0
2018-04-11 10:13,527541.0
2018-04-11 10:14,526871.0
2018-04-11 10:15,530382.0
2018-04-11 10:16,526308.0
2018-04-11 10:17,529733.0
2018-04-11 10:18,526421.0
2018-04-11 10:19,527146.0
2018-04-11 10:20,530026.0
2018-04-11 10:21,532266.0
2018-04-11 10:22,529617.0
2018-04-11 10:23,531452.0
2018-04-11 10:24,532752.0
2018-04-11 10:25,535393.0
2018-04-11 10:26,540393.0
2018-04-11 10:27,546050.0
2018-04-11 10:28,538507.0
2018-04-11 10:29,540507.0
2018-04-11 10:30,534307.0
2018-04-11 10:31,530363.0
2018-04-11 10:32,535760.0
2018-04-11 10:33,535060.0
2018-04-11 10:34,533660.0
2018-04-11 10:35,536730.0
2018-04-11 10:36,534380.0
2018-04-11 10:37,535880.0
2018-04-11 10:38,530544.0
2018-04-11 10:39,533588.0
2018-04-11 10:40,532888.0
2018-04-11 10:41,532788.0
2018-04-11 10:42,533638.0
2018-04-11 10:43,532388.0
2018-04-11 10:44,531788.0
2018-04-11 10:45,532888.0
2018-04-11 10:46,531488.0
2018-04-11 10:47,530688.0
2018-04-11 10:48,528588.0
2018-04-11 10:49,526070.0
2018-04-11 10:50,527470.0
2018-04-11 10:51,525320.0
2018-04-11 10:52,522820.0
2018-04-11 10:53,519415.0
2018-04-11 10:54,520059.0
2018-04-11 10:55,519561.0
2018-04-11 10:56,520861.0
2018-04-11 10:57,523111.0
2018-04-11 10:58,521451.0
2018-04-11 10:59,520751.0
2018-04-11 11:00,519771.0
2018-04-11 11:01,518671.0
2018-04-11 11:02,514365.0
2018-04-11 11:03,511771.0
2018-04-11 11:04,514104.0
2018-04-11 11:05,508201.0
2018-04-11 11:06,504257.0
2018-04-11 11:07,495439.0
2018-04-11 11:08,497039.0
2018-04-11 11:09,498539.0
2018-04-11 11:10,497339.0
2018-04-11 11:11,500706.0
2018-04-11 11:12,499072.0
2018-04-11 11:13,501417.0
2018-04-11 11:14,499717.0
2018-04-11 11:15,498953.0
2018-04-11 11:16,497553.0
2018-04-11 11:17,500703.0
2018-04-11 11:18,498594.0
2018-04-11 11:19,497078.0
2018-04-11 11:20,497678.0
2018-04-11 11:21,493452.0
2018-04-11 11:22,495442.0
2018-04-11 11:23,496642.0
2018-04-11 11:24,494768.0
2018-04-11 11:25,496369.0
2018-04-11 11:26,494896.0
2018-04-11 11:27,495696.0
2018-04-11 11:28,492731.0
2018-04-11 11:29,493231.0
2018-04-11 11:30,487885.0
2018-04-11 11:31,487285.0
2018-04-11 11:32,487685.0
2018-04-11 11:33,489085.0
2018-04-11 11:34,487085.0
2018-04-11 11:35,488185.0
2018-04-11 11:36,489485.0
2018-04-11 11:37,494966.0
2018-04-11 11:38,497566.0
2018-04-11 11:39,497666.0
2018-04-11 11:40,499366.0
2018-04-11 11:41,501931.0
2018-04-11 11:42,502331.0
2018-04-11 11:43,501114.0
2018-04-11 11:44,502514.0
2018-04-11 11:45,504494.0
2018-04-11 11:46,505394.0
2018-04-11 11:47,504094.0
2018-04-11 11:48,504394.0
2018-04-11 11:49,504894.0
2018-04-11 11:50,504394.0
2018-04-11 11:51,503894.0
2018-04-11 11:52,501499.0
2018-04-11 11:53,502099.0
2018-04-11 11:54,504723.0
2018-04-11 11:55,506868.0
2018-04-11 11:56,504218.0
2018-04-11 11:57,503118.0
2018-04-11 11:58,501978.0
2018-04-11 11:59,500878.0
2018-04-11 12:00,502078.0
2018-04-11 12:01,503628.0
2018-04-11 12:02,504128.0
2018-04-11 12:03,506486.0
2018-04-11 12:04,511190.0
2018-04-11 12:05,516680.0
2018-04-11 12:06,514980.0
2018-04-11 12:07,513180.0
2018-04-11 12:08,513780.0
2018-04-11 12:09,514644.0
2018-04-11 12:10,514544.0
2018-04-11 12:11,517552.0
2018-04-11 12:12,519052.0
2018-04-11 12:13,518436.0
2018-04-11 12:15,519016.0
2018-04-11 12:16,518716.0
2018-04-11 12:17,519616.0
2018-04-11 12:18,520542.0
2018-04-11 12:19,519576.0
2018-04-11 12:21,520176.0
2018-04-11 12:23,519349.0
2018-04-11 12:24,519573.0
2018-04-11 12:25,520073.0
2018-04-11 12:26,519373.0
2018-04-11 12:27,519473.0
2018-04-11 12:28,518973.0
2018-04-11 12:29,519343.0
2018-04-11 12:30,519743.0
2018-04-11 12:31,520511.0
2018-04-11 12:32,520011.0
2018-04-11 12:33,520111.0
2018-04-11 12:34,520611.0
2018-04-11 12:35,520201.0
2018-04-11 12:36,519801.0
2018-04-11 12:37,520201.0
2018-04-11 12:38,519523.0
2018-04-11 12:39,520423.0
2018-04-11 12:40,520123.0
2018-04-11 12:41,520223.0
2018-04-11 12:42,520323.0
2018-04-11 12:43,520223.0
2018-04-11 12:44,520723.0
2018-04-11 12:45,522023.0
2018-04-11 12:46,521473.0
2018-04-11 12:47,520573.0
2018-04-11 12:48,520773.0
2018-04-11 12:49,520573.0
2018-04-11 12:50,522073.0
2018-04-11 12:51,521773.0
2018-04-11 12:52,520773.0
2018-04-11 12:53,518700.0
2018-04-11 12:54,518060.0
2018-04-11 12:55,515983.0
2018-04-11 12:56,517083.0
2018-04-11 12:57,518283.0
2018-04-11 12:58,516983.0
2018-04-11 12:59,516583.0
2018-04-11 13:00,513663.0
2018-04-11 13:01,514263.0
2018-04-11 13:02,515863.0
2018-04-11 13:03,514263.0
2018-04-11 13:04,512365.0
2018-04-11 13:05,513165.0
2018-04-11 13:06,512265.0
2018-04-11 13:07,510450.0
2018-04-11 13:08,509130.0
2018-04-11 13:09,510700.0
2018-04-11 13:10,511100.0
2018-04-11 13:11,510900.0
2018-04-11 13:12,511100.0
2018-04-11 13:13,510600.0
2018-04-11 13:14,511500.0
2018-04-11 13:15,510303.0
2018-04-11 13:16,512863.0
2018-04-11 13:17,509564.0
2018-04-11 13:18,510964.0
2018-04-11 13:19,512164.0
2018-04-11 13:20,513264.0
2018-04-11 13:21,513364.0
2018-04-11 13:22,514784.0
2018-04-11 13:23,514984.0
2018-04-11 13:24,514884.0
2018-04-11 13:25,515879.0
2018-04-11 13:26,514829.0
2018-04-11 13:27,513739.0
2018-04-11 13:28,513439.0
2018-04-11 13:29,514239.0
2018-04-11 13:30,513939.0
2018-04-11 13:31,514339.0
2018-04-11 13:32,513939.0
2018-04-11 13:33,511880.0
2018-04-11 13:34,513180.0
2018-04-11 13:35,514470.0
2018-04-11 13:36,513770.0
2018-04-11 13:37,513570.0
2018-04-11 13:38,514471.0
2018-04-11 13:39,515071.0
2018-04-11 13:40,515809.0
2018-04-11 13:41,516009.0
2018-04-11 13:42,514921.0
2018-04-11 13:43,514621.0
2018-04-11 13:44,514321.0
2018-04-11 13:45,513671.0
2018-04-11 13:46,513371.0
2018-04-11 13:47,514371.0
2018-04-11 13:48,516771.0
2018-04-11 13:49,517071.0
2018-04-11 13:50,517671.0
2018-04-11 13:51,518721.0
2018-04-11 13:52,518321.0
2018-04-11 13:54,518921.0
2018-04-11 13:55,519171.0
2018-04-11 13:56,519671.0
2018-04-11 13:57,520571.0
2018-04-11 13:58,521371.0
2018-04-11 13:59,522271.0
2018-04-11 14:00,521771.0
2018-04-11 14:01,524071.0
2018-04-11 14:02,523271.0
2018-04-11 14:03,522771.0
2018-04-11 14:04,524161.0
2018-04-11 14:05,525152.0
2018-04-11 14:06,524102.0
2018-04-11 14:07,521902.0
2018-04-11 14:08,521002.0
2018-04-11 14:09,520502.0
2018-04-11 14:10,519623.0
2018-04-11 14:11,519823.0
2018-04-11 14:12,519223.0
2018-04-11 14:13,520323.0
2018-04-11 14:14,520323.0
2018-04-11 14:15,520223.0
2018-04-11 14:16,521323.0
2018-04-11 14:17,521001.0
2018-04-11 14:18,521201.0
2018-04-11 14:19,521701.0
2018-04-11 14:20,522301.0
2018-04-11 14:21,520901.0
2018-04-11 14:22,520101.0
2018-04-11 14:23,519881.0
2018-04-11 14:24,520146.0
2018-04-11 14:25,521146.0
2018-04-11 14:26,522146.0
2018-04-11 14:27,521684.0
2018-04-11 14:28,521065.0
2018-04-11 14:30,519955.0
2018-04-11 14:31,521830.0
2018-04-11 14:32,523230.0
2018-04-11 14:33,524433.0
2018-04-11 14:35,524133.0
2018-04-11 14:36,523218.0
2018-04-11 14:37,524685.0
2018-04-11 14:38,525693.0
2018-04-11 14:39,525593.0
2018-04-11 14:40,524340.0
2018-04-11 14:41,525440.0
2018-04-11 14:42,524764.0
2018-04-11 14:44,523944.0
2018-04-11 14:45,523844.0
2018-04-11 14:46,522202.0
2018-04-11 14:47,522702.0
2018-04-11 14:48,523502.0
2018-04-11 14:49,524610.0
2018-04-11 14:50,524160.0
2018-04-11 14:51,523370.0
2018-04-11 14:52,523170.0
2018-04-11 14:53,519070.0
2018-04-11 14:54,520470.0
2018-04-11 14:55,520070.0
2018-04-11 14:56,521770.0
2018-04-11 14:57,522910.0
2018-04-11 14:58,524110.0
2018-04-11 14:59,523710.0
2018-04-11 15:00,522319.0
2018-04-11 15:01,521119.0
2018-04-11 15:02,525519.0
2018-04-11 15:03,521387.0
2018-04-11 15:04,522087.0
2018-04-11 15:05,521411.0
2018-04-11 15:06,522411.0
2018-04-11 15:07,524699.0
2018-04-11 15:08,523230.0
2018-04-11 15:09,522530.0
2018-04-11 15:10,520555.0
2018-04-11 15:11,522355.0
2018-04-11 15:12,519555.0
2018-04-11 15:13,521755.0
2018-04-11 15:14,519855.0
2018-04-11 15:15,521155.0
2018-04-11 15:16,518102.0
2018-04-11 15:17,515081.0
2018-04-11 15:18,510981.0
2018-04-11 15:19,510981.0
2018-04-11 15:20,512734.0
2018-04-11 15:21,511039.0
2018-04-11 15:22,511723.0
2018-04-11 15:23,510823.0
2018-04-11 15:24,515959.0
2018-04-11 15:25,517359.0
2018-04-11 15:26,518359.0
2018-04-11 15:27,520358.0
2018-04-11 15:28,520148.0
2018-04-11 15:29,517948.0
2018-04-11 15:30,516748.0
2018-04-11 15:31,517560.0
2018-04-11 15:32,516560.0
2018-04-11 15:33,517763.0
2018-04-11 15:34,520063.0
2018-04-11 15:35,518563.0
2018-04-11 15:36,518263.0
2018-04-11 15:37,522520.0
2018-04-11 15:38,521525.0
2018-04-11 15:39,523125.0
2018-04-11 15:40,524925.0
2018-04-11 15:41,522525.0
2018-04-11 15:42,524875.0
2018-04-11 15:43,525911.0
2018-04-11 15:44,524901.0
2018-04-11 15:45,527050.0
2018-04-11 15:46,523448.0
2018-04-11 15:47,518237.0
2018-04-11 15:48,520411.0
2018-04-11 15:49,516333.0
2018-04-11 15:50,513816.0
2018-04-11 15:51,512016.0
2018-04-11 15:52,508416.0
2018-04-11 15:53,504289.0
2018-04-11 15:54,508116.0
2018-04-11 15:55,505196.0
2018-04-11 15:56,501610.0
2018-04-11 15:57,492510.0
2018-04-11 15:58,486981.0
2018-04-11 15:59,499640.0
2018-04-11 16:00,587500.0
2018-04-12 09:30,612906.0
2018-04-12 09:31,602350.0
2018-04-12 09:32,599350.0
2018-04-12 09:33,595940.0
2018-04-12 09:34,598990.0
2018-04-12 09:35,592186.0
2018-04-12 09:36,597162.0
2018-04-12 09:37,593355.0
2018-04-12 09:38,595630.0
2018-04-12 09:39,600347.0
2018-04-12 09:40,605357.0
2018-04-12 09:41,610157.0
2018-04-12 09:42,614328.0
2018-04-12 09:43,621549.0
2018-04-12 09:44,623569.0
2018-04-12 09:45,619328.0
2018-04-12 09:46,634799.0
2018-04-12 09:47,633149.0
2018-04-12 09:48,629884.0
2018-04-12 09:49,628460.0
2018-04-12 09:50,627752.0
2018-04-12 09:51,630202.0
2018-04-12 09:53,630202.0
2018-04-12 09:54,631824.0
2018-04-12 09:55,631424.0
2018-04-12 09:56,625024.0
2018-04-12 09:57,626656.0
2018-04-12 09:58,631218.0
2018-04-12 09:59,635954.0
2018-04-12 10:00,637754.0
2018-04-12 10:01,641636.0
2018-04-12 10:02,643466.0
2018-04-12 10:03,641716.0
2018-04-12 10:04,639946.0
2018-04-12 10:05,638346.0
2018-04-12 10:06,636678.0
2018-04-12 10:07,638646.0
2018-04-12 10:08,637146.0
2018-04-12 10:09,638146.0
2018-04-12 10:10,639267.0
2018-04-12 10:11,644034.0
2018-04-12 10:12,641469.0
2018-04-12 10:13,641069.0
2018-04-12 10:14,643543.0
2018-04-12 10:15,644543.0
2018-04-12 10:16,648229.0
2018-04-12 10:17,646679.0
2018-04-12 10:18,643837.0
2018-04-12 10:19,645837.0
2018-04-12 10:20,647351.0
2018-04-12 10:21,654373.0
2018-04-12 10:22,662700.0
2018-04-12 10:23,672026.0
2018-04-12 10:24,671037.0
2018-04-12 10:25,669836.0
2018-04-12 10:26,667986.0
2018-04-12 10:27,669486.0
2018-04-12 10:28,669186.0
2018-04-12 10:29,670186.0
2018-04-12 10:30,671709.0
2018-04-12 10:31,671009.0
2018-04-12 10:32,669168.0
2018-04-12 10:33,668213.0
2018-04-12 10:34,665013.0
2018-04-12 10:35,665113.0
2018-04-12 10:36,665313.0
2018-04-12 10:37,667363.0
2018-04-12 10:38,666163.0
2018-04-12 10:39,668795.0
2018-04-12 10:40,671290.0
2018-04-12 10:41,664461.0
2018-04-12 10:42,666032.0
2018-04-12 10:43,668838.0
2018-04-12 10:44,669738.0
2018-04-12 10:45,671898.0
2018-04-12 10:46,669898.0
2018-04-12 10:47,668744.0
2018-04-12 10:48,665609.0
2018-04-12 10:49,668909.0
2018-04-12 10:50,666767.0
2018-04-12 10:51,668169.0
2018-04-12 10:52,667189.0
2018-04-12 10:53,668289.0
2018-04-12 10:54,667489.0
2018-04-12 10:55,666639.0
2018-04-12 10:56,664489.0
2018-04-12 10:57,660899.0
2018-04-12 10:58,659349.0
2018-04-12 10:59,660449.0
2018-04-12 11:00,658149.0
2018-04-12 11:01,660378.0
2018-04-12 11:02,661478.0
2018-04-12 11:03,661078.0
2018-04-12 11:04,661778.0
2018-04-12 11:05,661278.0
2018-04-12 11:06,660778.0
2018-04-12 11:07,659717.0
2018-04-12 11:08,660417.0
2018-04-12 11:09,660817.0
2018-04-12 11:10,661617.0
2018-04-12 11:11,662017.0
2018-04-12 11:12,660817.0
2018-04-12 11:13,660217.0
2018-04-12 11:14,661617.0
2018-04-12 11:16,662017.0
2018-04-12 11:17,662617.0
2018-04-12 11:18,661117.0
2018-04-12 11:19,661717.0
2018-04-12 11:20,660458.0
2018-04-12 11:21,660958.0
2018-04-12 11:22,662718.0
2018-04-12 11:23,659565.0
2018-04-12 11:24,662165.0
2018-04-12 11:25,668505.0
2018-04-12 11:26,669305.0
2018-04-12 11:27,669205.0
2018-04-12 11:28,668505.0
2018-04-12 11:29,668805.0
2018-04-12 11:30,668105.0
2018-04-12 11:31,667757.0
2018-04-12 11:32,667857.0
2018-04-12 11:33,667757.0
2018-04-12 11:34,666507.0
2018-04-12 11:35,668672.0
2018-04-12 11:36,667572.0
2018-04-12 11:37,666734.0
2018-04-12 11:38,666834.0
2018-04-12 11:39,668034.0
2018-04-12 11:40,667734.0
2018-04-12 11:41,667334.0
2018-04-12 11:42,667734.0
2018-04-12 11:43,666102.0
2018-04-12 11:45,665002.0
2018-04-12 11:46,663948.0
2018-04-12 11:47,661967.0
2018-04-12 11:48,660792.0
2018-04-12 11:49,659942.0
2018-04-12 11:50,659742.0
2018-04-12 11:51,661067.0
2018-04-12 11:52,660367.0
2018-04-12 11:53,658367.0
2018-04-12 11:54,656667.0
2018-04-12 11:55,655867.0
2018-04-12 11:56,653466.0
2018-04-12 11:57,657415.0
2018-04-12 11:58,658215.0
2018-04-12 11:59,658790.0
2018-04-12 12:00,658990.0
2018-04-12 12:01,660790.0
2018-04-12 12:02,659990.0
2018-04-12 12:03,660390.0
2018-04-12 12:04,660090.0
2018-04-12 12:05,659790.0
2018-04-12 12:06,660290.0
2018-04-12 12:07,659690.0
2018-04-12 12:08,659390.0
2018-04-12 12:09,658179.0
2018-04-12 12:10,659679.0
2018-04-12 12:11,654979.0
2018-04-12 12:12,653783.0
2018-04-12 12:13,654183.0
2018-04-12 12:14,655083.0
2018-04-12 12:15,655183.0
2018-04-12 12:16,655933.0
2018-04-12 12:17,654188.0
2018-04-12 12:18,653588.0
2018-04-12 12:19,654188.0
2018-04-12 12:20,641488.0
2018-04-12 12:21,641588.0
2018-04-12 12:22,641088.0
2018-04-12 12:23,639392.0
2018-04-12 12:24,640492.0
2018-04-12 12:25,641467.0
2018-04-12 12:26,641867.0
2018-04-12 12:27,639296.0
2018-04-12 12:28,639546.0
2018-04-12 12:29,636946.0
2018-04-12 12:30,636646.0
2018-04-12 12:31,636946.0
2018-04-12 12:32,637046.0
2018-04-12 12:33,638258.0
2018-04-12 12:34,637758.0
2018-04-12 12:35,638296.0
2018-04-12 12:36,637796.0
2018-04-12 12:38,637996.0
2018-04-12 12:39,636796.0
2018-04-12 12:40,636996.0
2018-04-12 12:41,636345.0
2018-04-12 12:42,638645.0
2018-04-12 12:43,637945.0
2018-04-12 12:44,635086.0
2018-04-12 12:45,635768.0
2018-04-12 12:46,635988.0
2018-04-12 12:47,634788.0
2018-04-12 12:48,635888.0
2018-04-12 12:49,635488.0
2018-04-12 12:50,636288.0
2018-04-12 12:51,636688.0
2018-04-12 12:52,635888.0
2018-04-12 12:53,637188.0
2018-04-12 12:54,636408.0
2018-04-12 12:55,636308.0
2018-04-12 12:57,635808.0
2018-04-12 12:58,635508.0
2018-04-12 13:00,635908.0
2018-04-12 13:01,637608.0
2018-04-12 13:03,637608.0
2018-04-12 13:04,638008.0
2018-04-12 13:05,637606.0
2018-04-12 13:06,637806.0
2018-04-12 13:07,636706.0
2018-04-12 13:08,636406.0
2018-04-12 13:09,637106.0
2018-04-12 13:10,634103.0
2018-04-12 13:11,634688.0
2018-04-12 13:12,634388.0
2018-04-12 13:13,635288.0
2018-04-12 13:14,634258.0
2018-04-12 13:15,634258.0
2018-04-12 13:16,630634.0
2018-04-12 13:17,629234.0
2018-04-12 13:18,630434.0
2018-04-12 13:20,630734.0
2018-04-12 13:21,630234.0
2018-04-12 13:22,630934.0
2018-04-12 13:23,630534.0
2018-04-12 13:24,629334.0
2018-04-12 13:25,630034.0
2018-04-12 13:26,629034.0
2018-04-12 13:27,627062.0
2018-04-12 13:28,623732.0
2018-04-12 13:29,622962.0
2018-04-12 13:30,622362.0
2018-04-12 13:31,621562.0
2018-04-12 13:32,624362.0
2018-04-12 13:33,623062.0
2018-04-12 13:34,623262.0
2018-04-12 13:35,623971.0
2018-04-12 13:36,625017.0
2018-04-12 13:37,628295.0
2018-04-12 13:38,629895.0
2018-04-12 13:39,630295.0
2018-04-12 13:40,631195.0
2018-04-12 13:41,630295.0
2018-04-12 13:42,630795.0
2018-04-12 13:43,631696.0
2018-04-12 13:44,632206.0
2018-04-12 13:45,632906.0
2018-04-12 13:46,632806.0
2018-04-12 13:47,631473.0
2018-04-12 13:48,631673.0
2018-04-12 13:49,631273.0
2018-04-12 13:51,630873.0
2018-04-12 13:52,634546.0
2018-04-12 13:53,634046.0
2018-04-12 13:54,634446.0
2018-04-12 13:57,635246.0
2018-04-12 13:58,634641.0
2018-04-12 13:59,635330.0
2018-04-12 14:00,636930.0
2018-04-12 14:01,636630.0
2018-04-12 14:03,636830.0
2018-04-12 14:04,637794.0
2018-04-12 14:05,637994.0
2018-04-12 14:06,637393.0
2018-04-12 14:07,637493.0
2018-04-12 14:08,637693.0
2018-04-12 14:09,638898.0
2018-04-12 14:10,637798.0
2018-04-12 14:11,639561.0
2018-04-12 14:12,638961.0
2018-04-12 14:13,639061.0
2018-04-12 14:14,639361.0
2018-04-12 14:16,639461.0
2018-04-12 14:17,639261.0
2018-04-12 14:18,639361.0
2018-04-12 14:19,639561.0
2018-04-12 14:20,640011.0
2018-04-12 14:21,640659.0
2018-04-12 14:22,640059.0
2018-04-12 14:23,640559.0
2018-04-12 14:24,639759.0
2018-04-12 14:25,639659.0
2018-04-12 14:26,639089.0
2018-04-12 14:27,639489.0
2018-04-12 14:28,639789.0
2018-04-12 14:29,639489.0
2018-04-12 14:31,640889.0
2018-04-12 14:32,640451.0
2018-04-12 14:33,640051.0
2018-04-12 14:34,640851.0
2018-04-12 14:35,639247.0
2018-04-12 14:36,639147.0
2018-04-12 14:37,638547.0
2018-04-12 14:38,638747.0
2018-04-12 14:39,638647.0
2018-04-12 14:40,639837.0
2018-04-12 14:41,638937.0
2018-04-12 14:42,638637.0
2018-04-12 14:43,638837.0
2018-04-12 14:44,636537.0
2018-04-12 14:45,633848.0
2018-04-12 14:46,631548.0
2018-04-12 14:47,632848.0
2018-04-12 14:48,631060.0
2018-04-12 14:49,631260.0
2018-04-12 14:50,631260.0
2018-04-12 14:51,633260.0
2018-04-12 14:52,633560.0
2018-04-12 14:53,632960.0
2018-04-12 14:54,633060.0
2018-04-12 14:55,633364.0
2018-04-12 14:56,633564.0
2018-04-12 14:57,631214.0
2018-04-12 14:58,632164.0
2018-04-12 14:59,634198.0
2018-04-12 15:00,634798.0
2018-04-12 15:01,635498.0
2018-04-12 15:02,636478.0
2018-04-12 15:03,634729.0
2018-04-12 15:04,634629.0
2018-04-12 15:05,634376.0
2018-04-12 15:06,630183.0
2018-04-12 15:07,629983.0
2018-04-12 15:08,629063.0
2018-04-12 15:09,628663.0
2018-04-12 15:10,630063.0
2018-04-12 15:11,632163.0
2018-04-12 15:12,633963.0
2018-04-12 15:13,630863.0
2018-04-12 15:14,631863.0
2018-04-12 15:15,632363.0
2018-04-12 15:16,631363.0
2018-04-12 15:17,630263.0
2018-04-12 15:19,631463.0
2018-04-12 15:20,633663.0
2018-04-12 15:21,638106.0
2018-04-12 15:22,641406.0
2018-04-12 15:23,639656.0
2018-04-12 15:24,640634.0
2018-04-12 15:25,639484.0
2018-04-12 15:26,637484.0
2018-04-12 15:27,637984.0
2018-04-12 15:28,637384.0
2018-04-12 15:29,639084.0
2018-04-12 15:30,640109.0
2018-04-12 15:31,641509.0
2018-04-12 15:32,641309.0
2018-04-12 15:33,641409.0
2018-04-12 15:34,639809.0
2018-04-12 15:35,638609.0
2018-04-12 15:36,639009.0
2018-04-12 15:37,640409.0
2018-04-12 15:38,640909.0
2018-04-12 15:39,641909.0
2018-04-12 15:40,647300.0
2018-04-12 15:41,646840.0
2018-04-12 15:42,646140.0
2018-04-12 15:43,645240.0
2018-04-12 15:44,640599.0
2018-04-12 15:45,639174.0
2018-04-12 15:46,632933.0
2018-04-12 15:47,629996.0
2018-04-12 15:48,625954.0
2018-04-12 15:49,621225.0
2018-04-12 15:50,628386.0
2018-04-12 15:51,625292.0
2018-04-12 15:52,621442.0
2018-04-12 15:53,627731.0
2018-04-12 15:54,623443.0
2018-04-12 15:55,621843.0
2018-04-12 15:56,625700.0
2018-04-12 15:57,621701.0
2018-04-12 15:58,616884.0
2018-04-12 15:59,610904.0
2018-04-12 16:00,721341.0
2018-04-13 09:30,738852.0
2018-04-13 09:31,736162.0
2018-04-13 09:32,737962.0
2018-04-13 09:33,742267.0
2018-04-13 09:34,737147.0
2018-04-13 09:35,741476.0
2018-04-13 09:36,736876.0
2018-04-13 09:37,740721.0
2018-04-13 09:38,739031.0
2018-04-13 09:39,741221.0
2018-04-13 09:40,745808.0
2018-04-13 09:41,750509.0
2018-04-13 09:42,745439.0
2018-04-13 09:43,748198.0
2018-04-13 09:44,744378.0
2018-04-13 09:45,743078.0
2018-04-13 09:46,744178.0
2018-04-13 09:47,746859.0
2018-04-13 09:48,744559.0
2018-04-13 09:49,741259.0
2018-04-13 09:50,742158.0
2018-04-13 09:51,740485.0
2018-04-13 09:52,740185.0
2018-04-13 09:53,741505.0
2018-04-13 09:54,741055.0
2018-04-13 09:55,740455.0
2018-04-13 09:56,737954.0
2018-04-13 09:57,736772.0
2018-04-13 09:58,737983.0
2018-04-13 09:59,739983.0
2018-04-13 10:00,741833.0
2018-04-13 10:01,737150.0
2018-04-13 10:02,736350.0
2018-04-13 10:03,735660.0
2018-04-13 10:04,735760.0
2018-04-13 10:05,735160.0
2018-04-13 10:06,736340.0
2018-04-13 10:07,735840.0
2018-04-13 10:08,736640.0
2018-04-13 10:09,735521.0
2018-04-13 10:10,737721.0
2018-04-13 10:11,732984.0
2018-04-13 10:12,731684.0
2018-04-13 10:13,733135.0
2018-04-13 10:14,735762.0
2018-04-13 10:15,736362.0
2018-04-13 10:16,741682.0
2018-04-13 10:17,743432.0
2018-04-13 10:18,741732.0
2018-04-13 10:19,742732.0
2018-04-13 10:20,740282.0
2018-04-13 10:21,740182.0
2018-04-13 10:22,743682.0
2018-04-13 10:23,743082.0
2018-04-13 10:24,743282.0
2018-04-13 10:25,741937.0
2018-04-13 10:26,741537.0
2018-04-13 10:27,739513.0
2018-04-13 10:28,736778.0
2018-04-13 10:29,740406.0
2018-04-13 10:30,739406.0
2018-04-13 10:31,735180.0
2018-04-13 10:32,731970.0
2018-04-13 10:33,733037.0
2018-04-13 10:34,734954.0
2018-04-13 10:35,733854.0
2018-04-13 10:36,731981.0
2018-04-13 10:37,731831.0
2018-04-13 10:38,730838.0
2018-04-13 10:39,731288.0
2018-04-13 10:40,730188.0
2018-04-13 10:41,732388.0
2018-04-13 10:42,731688.0
2018-04-13 10:43,732288.0
2018-04-13 10:44,737540.0
2018-04-13 10:45,735896.0
2018-04-13 10:46,730802.0
2018-04-13 10:47,731778.0
2018-04-13 10:48,729778.0
2018-04-13 10:49,730928.0
2018-04-13 10:50,729189.0
2018-04-13 10:51,729905.0
2018-04-13 10:52,730097.0
2018-04-13 10:53,729597.0
2018-04-13 10:54,729097.0
2018-04-13 10:55,728097.0
2018-04-13 10:56,726847.0
2018-04-13 10:57,726747.0
2018-04-13 10:58,726847.0
2018-04-13 10:59,726097.0
2018-04-13 11:00,726346.0
2018-04-13 11:01,722184.0
2018-04-13 11:02,720084.0
2018-04-13 11:03,725773.0
2018-04-13 11:04,723973.0
2018-04-13 11:05,710616.0
2018-04-13 11:06,712616.0
2018-04-13 11:07,713416.0
2018-04-13 11:08,715275.0
2018-04-13 11:09,717588.0
2018-04-13 11:10,718488.0
2018-04-13 11:11,713919.0
2018-04-13 11:12,712819.0
2018-04-13 11:13,712519.0
2018-04-13 11:14,711619.0
2018-04-13 11:15,710919.0
2018-04-13 11:16,714859.0
2018-04-13 11:17,716859.0
2018-04-13 11:18,717459.0
2018-04-13 11:19,716359.0
2018-04-13 11:20,716059.0
2018-04-13 11:21,716259.0
2018-04-13 11:22,715489.0
2018-04-13 11:23,714289.0
2018-04-13 11:24,715589.0
2018-04-13 11:25,716089.0
2018-04-13 11:26,716289.0
2018-04-13 11:27,716089.0
2018-04-13 11:28,715594.0
2018-04-13 11:29,716194.0
2018-04-13 11:30,716394.0
2018-04-13 11:31,716094.0
2018-04-13 11:32,717094.0
2018-04-13 11:34,717799.0
2018-04-13 11:35,716899.0
2018-04-13 11:36,715820.0
2018-04-13 11:37,716420.0
2018-04-13 11:38,715920.0
2018-04-13 11:39,711980.0
2018-04-13 11:40,713280.0
2018-04-13 11:41,711780.0
2018-04-13 11:42,712880.0
2018-04-13 11:43,714236.0
2018-04-13 11:44,715136.0
2018-04-13 11:45,716036.0
2018-04-13 11:46,717042.0
2018-04-13 11:47,715042.0
2018-04-13 11:48,715542.0
2018-04-13 11:49,713042.0
2018-04-13 11:50,713242.0
2018-04-13 11:51,710177.0
2018-04-13 11:52,712208.0
2018-04-13 11:53,712108.0
2018-04-13 11:54,707084.0
2018-04-13 11:55,700878.0
2018-04-13 11:56,704028.0
2018-04-13 11:57,705508.0
2018-04-13 11:58,706164.0
2018-04-13 11:59,706497.0
2018-04-13 12:01,706897.0
2018-04-13 12:02,708397.0
2018-04-13 12:03,707797.0
2018-04-13 12:04,707497.0
2018-04-13 12:06,707097.0
2018-04-13 12:07,706697.0
2018-04-13 12:08,705939.0
2018-04-13 12:09,704739.0
2018-04-13 12:10,704159.0
2018-04-13 12:11,703147.0
2018-04-13 12:12,701159.0
2018-04-13 12:13,702087.0
2018-04-13 12:14,702387.0
2018-04-13 12:15,703187.0
2018-04-13 12:16,700652.0
2018-04-13 12:18,700552.0
2018-04-13 12:20,701552.0
2018-04-13 12:22,703647.0
2018-04-13 12:23,704147.0
2018-04-13 12:24,704047.0
2018-04-13 12:25,703716.0
2018-04-13 12:26,703516.0
2018-04-13 12:27,702516.0
2018-04-13 12:28,702316.0
2018-04-13 12:29,702816.0
2018-04-13 12:30,704416.0
2018-04-13 12:31,703816.0
2018-04-13 12:32,704016.0
2018-04-13 12:33,703616.0
2018-04-13 12:34,705716.0
2018-04-13 12:35,705416.0
2018-04-13 12:36,705016.0
2018-04-13 12:37,705210.0
2018-04-13 12:38,704810.0
2018-04-13 12:39,705110.0
2018-04-13 12:40,705010.0
2018-04-13 12:41,705890.0
2018-04-13 12:42,705490.0
2018-04-13 12:46,705390.0
2018-04-13 12:47,705390.0
2018-04-13 12:48,704290.0
2018-04-13 12:49,704690.0
2018-04-13 12:50,705452.0
2018-04-13 12:51,706152.0
2018-04-13 12:53,706752.0
2018-04-13 12:54,708452.0
2018-04-13 12:55,708152.0
2018-04-13 12:57,708602.0
2018-04-13 12:58,709599.0
2018-04-13 12:59,709699.0
2018-04-13 13:00,710199.0
2018-04-13 13:01,709749.0
2018-04-13 13:02,711976.0
2018-04-13 13:03,711656.0
2018-04-13 13:04,712264.0
2018-04-13 13:06,713764.0
2018-04-13 13:08,713164.0
2018-04-13 13:09,714871.0
2018-04-13 13:10,716880.0
2018-04-13 13:11,716780.0
2018-04-13 13:12,716780.0
2018-04-13 13:13,716580.0
2018-04-13 13:14,716080.0
2018-04-13 13:15,716385.0
2018-04-13 13:16,719709.0
2018-04-13 13:17,719409.0
2018-04-13 13:18,717022.0
2018-04-13 13:19,717322.0
2018-04-13 13:20,716422.0
2018-04-13 13:21,716522.0
2018-04-13 13:22,715221.0
2018-04-13 13:23,715661.0
2018-04-13 13:24,717194.0
2018-04-13 13:25,717794.0
2018-04-13 13:26,718194.0
2018-04-13 13:27,717194.0
2018-04-13 13:28,718194.0
2018-04-13 13:29,716412.0
2018-04-13 13:30,716812.0
2018-04-13 13:31,715912.0
2018-04-13 13:32,714056.0
2018-04-13 13:33,714956.0
2018-04-13 13:34,713704.0
2018-04-13 13:35,715483.0
2018-04-13 13:36,715283.0
2018-04-13 13:37,715083.0
2018-04-13 13:38,715786.0
2018-04-13 13:40,715786.0
2018-04-13 13:41,717249.0
2018-04-13 13:42,717649.0
2018-04-13 13:43,718641.0
2018-04-13 13:46,718341.0
2018-04-13 13:47,718591.0
2018-04-13 13:48,719791.0
2018-04-13 13:49,718891.0
2018-04-13 13:50,718791.0
2018-04-13 13:51,718991.0
2018-04-13 13:52,720030.0
2018-04-13 13:53,727774.0
2018-04-13 13:54,729572.0
2018-04-13 13:55,729872.0
2018-04-13 13:56,729672.0
2018-04-13 13:57,734146.0
2018-04-13 13:58,731646.0
2018-04-13 13:59,733832.0
2018-04-13 14:00,734132.0
2018-04-13 14:01,732581.0
2018-04-13 14:02,732281.0
2018-04-13 14:03,732381.0
2018-04-13 14:04,732481.0
2018-04-13 14:05,730106.0
2018-04-13 14:06,728856.0
2018-04-13 14:07,729401.0
2018-04-13 14:08,729726.0
2018-04-13 14:09,728926.0
2018-04-13 14:10,727764.0
2018-04-13 14:11,728364.0
2018-04-13 14:12,727064.0
2018-04-13 14:13,726664.0
2018-04-13 14:14,728915.0
2018-04-13 14:16,726949.0
2018-04-13 14:17,725949.0
2018-04-13 14:18,720394.0
2018-04-13 14:19,716894.0
2018-04-13 14:20,720194.0
2018-04-13 14:21,719924.0
2018-04-13 14:22,720704.0
2018-04-13 14:23,720157.0
2018-04-13 14:24,720357.0
2018-04-13 14:25,721397.0
2018-04-13 14:26,720797.0
2018-04-13 14:27,720997.0
2018-04-13 14:28,722497.0
2018-04-13 14:29,720897.0
2018-04-13 14:30,722730.0
2018-04-13 14:31,721530.0
2018-04-13 14:32,722230.0
2018-04-13 14:33,722880.0
2018-04-13 14:34,725780.0
2018-04-13 14:35,725280.0
2018-04-13 14:37,725080.0
2018-04-13 14:39,724880.0
2018-04-13 14:41,724380.0
2018-04-13 14:42,723580.0
2018-04-13 14:43,723880.0
2018-04-13 14:45,723513.0
2018-04-13 14:46,724164.0
2018-04-13 14:47,724933.0
2018-04-13 14:48,723333.0
2018-04-13 14:50,722521.0
2018-04-13 14:51,722321.0
2018-04-13 14:52,720775.0
2018-04-13 14:53,719842.0
2018-04-13 14:54,720492.0
2018-04-13 14:55,723133.0
2018-04-13 14:56,721208.0
2018-04-13 14:57,720608.0
2018-04-13 14:58,717825.0
2018-04-13 14:59,718025.0
2018-04-13 15:00,718725.0
2018-04-13 15:01,718125.0
2018-04-13 15:02,716485.0
2018-04-13 15:03,714200.0
2018-04-13 15:04,715696.0
2018-04-13 15:05,708484.0
2018-04-13 15:06,703998.0
2018-04-13 15:07,706998.0
2018-04-13 15:08,702025.0
2018-04-13 15:09,704571.0
2018-04-13 15:10,703471.0
2018-04-13 15:11,704148.0
2018-04-13 15:12,705848.0
2018-04-13 15:13,704448.0
2018-04-13 15:14,702866.0
2018-04-13 15:15,704866.0
2018-04-13 15:16,700749.0
2018-04-13 15:17,699290.0
2018-04-13 15:18,697897.0
2018-04-13 15:19,695171.0
2018-04-13 15:20,693121.0
2018-04-13 15:21,696575.0
2018-04-13 15:22,697830.0
2018-04-13 15:23,700270.0
2018-04-13 15:24,694002.0
2018-04-13 15:25,685113.0
2018-04-13 15:26,689812.0
2018-04-13 15:27,689012.0
2018-04-13 15:28,676294.0
2018-04-13 15:29,672894.0
2018-04-13 15:30,674294.0
2018-04-13 15:31,674194.0
2018-04-13 15:32,676527.0
2018-04-13 15:33,676827.0
2018-04-13 15:34,679999.0
2018-04-13 15:35,683339.0
2018-04-13 15:36,681839.0
2018-04-13 15:37,682339.0
2018-04-13 15:38,680999.0
2018-04-13 15:39,680499.0
2018-04-13 15:40,684130.0
2018-04-13 15:41,687692.0
2018-04-13 15:42,686242.0
2018-04-13 15:43,687033.0
2018-04-13 15:44,680375.0
2018-04-13 15:45,678625.0
2018-04-13 15:46,681325.0
2018-04-13 15:47,680025.0
2018-04-13 15:48,676470.0
2018-04-13 15:49,678028.0
2018-04-13 15:50,679844.0
2018-04-13 15:51,683535.0
2018-04-13 15:52,686145.0
2018-04-13 15:53,688684.0
2018-04-13 15:54,691458.0
2018-04-13 15:55,688331.0
2018-04-13 15:56,682759.0
2018-04-13 15:57,686177.0
2018-04-13 15:58,693451.0
2018-04-13 15:59,686815.0
2018-04-13 16:00,765341.0
2018-04-16 09:30,779658.0
2018-04-16 09:31,786405.0
2018-04-16 09:32,785605.0
2018-04-16 09:33,788805.0
2018-04-16 09:34,787155.0
2018-04-16 09:35,784281.0
2018-04-16 09:36,780489.0
2018-04-16 09:37,777466.0
2018-04-16 09:38,780276.0
2018-04-16 09:39,782603.0
2018-04-16 09:40,786502.0
2018-04-16 09:41,785244.0
2018-04-16 09:42,773249.0
2018-04-16 09:43,775649.0
2018-04-16 09:44,777508.0
2018-04-16 09:45,770608.0
2018-04-16 09:46,773008.0
2018-04-16 09:47,774008.0
2018-04-16 09:48,771880.0
2018-04-16 09:49,771230.0
2018-04-16 09:50,767986.0
2018-04-16 09:51,764997.0
2018-04-16 09:52,763697.0
2018-04-16 09:53,762297.0
2018-04-16 09:54,760597.0
2018-04-16 09:55,762297.0
2018-04-16 09:56,760936.0
2018-04-16 09:57,760538.0
2018-04-16 09:58,762638.0
2018-04-16 09:59,761838.0
2018-04-16 10:00,764138.0
2018-04-16 10:01,764638.0
2018-04-16 10:02,765738.0
2018-04-16 10:03,767393.0
2018-04-16 10:04,768960.0
2018-04-16 10:05,772861.0
2018-04-16 10:06,771261.0
2018-04-16 10:07,770711.0
2018-04-16 10:08,770022.0
2018-04-16 10:09,773121.0
2018-04-16 10:10,776171.0
2018-04-16 10:11,775171.0
2018-04-16 10:12,773221.0
2018-04-16 10:13,772921.0
2018-04-16 10:14,772421.0
2018-04-16 10:15,772021.0
2018-04-16 10:16,773021.0
2018-04-16 10:17,772221.0
2018-04-16 10:19,770512.0
2018-04-16 10:20,771187.0
2018-04-16 10:21,771487.0
2018-04-16 10:22,769987.0
2018-04-16 10:24,770487.0
2018-04-16 10:25,771781.0
2018-04-16 10:26,770356.0
2018-04-16 10:27,769256.0
2018-04-16 10:28,772049.0
2018-04-16 10:29,776549.0
2018-04-16 10:30,779249.0
2018-04-16 10:31,776211.0
2018-04-16 10:32,777611.0
2018-04-16 10:33,775329.0
2018-04-16 10:34,773729.0
2018-04-16 10:35,773529.0
2018-04-16 10:36,771229.0
2018-04-16 10:37,771571.0
2018-04-16 10:38,773110.0
2018-04-16 10:39,772810.0
2018-04-16 10:40,773599.0
2018-04-16 10:41,773199.0
2018-04-16 10:42,771599.0
2018-04-16 10:43,771299.0
2018-04-16 10:44,770799.0
2018-04-16 10:45,771174.0
2018-04-16 10:46,771574.0
2018-04-16 10:47,770774.0
2018-04-16 10:48,770224.0
2018-04-16 10:49,769924.0
2018-04-16 10:50,767804.0
2018-04-16 10:51,768204.0
2018-04-16 10:52,769644.0
2018-04-16 10:53,770244.0
2018-04-16 10:54,770644.0
2018-04-16 10:55,773304.0
2018-04-16 10:56,771804.0
2018-04-16 10:57,772448.0
2018-04-16 10:58,773548.0
2018-04-16 10:59,774498.0
2018-04-16 11:00,773198.0
2018-04-16 11:01,775892.0
2018-04-16 11:02,775392.0
2018-04-16 11:03,781191.0
2018-04-16 11:04,780091.0
2018-04-16 11:05,777591.0
2018-04-16 11:06,778191.0
2018-04-16 11:07,777491.0
2018-04-16 11:08,777391.0
2018-04-16 11:09,778091.0
2018-04-16 11:10,777091.0
2018-04-16 11:11,775491.0
2018-04-16 11:12,775891.0
2018-04-16 11:13,773101.0
2018-04-16 11:14,774701.0
2018-04-16 11:15,771456.0
2018-04-16 11:16,775351.0
2018-04-16 11:17,776305.0
2018-04-16 11:18,777705.0
2018-04-16 11:19,779705.0
2018-04-16 11:20,780705.0
2018-04-16 11:21,783175.0
2018-04-16 11:22,784376.0
2018-04-16 11:23,783874.0
2018-04-16 11:24,782774.0
2018-04-16 11:25,783974.0
2018-04-16 11:26,783365.0
2018-04-16 11:27,782666.0
2018-04-16 11:28,783478.0
2018-04-16 11:29,785284.0
2018-04-16 11:30,786108.0
2018-04-16 11:31,785608.0
2018-04-16 11:32,786968.0
2018-04-16 11:33,787568.0
2018-04-16 11:34,786633.0
2018-04-16 11:35,785539.0
2018-04-16 11:36,785639.0
2018-04-16 11:37,786739.0
2018-04-16 11:38,785892.0
2018-04-16 11:39,786392.0
2018-04-16 11:40,786192.0
2018-04-16 11:41,786292.0
2018-04-16 11:42,787342.0
2018-04-16 11:43,786443.0
2018-04-16 11:44,787143.0
2018-04-16 11:45,787743.0
2018-04-16 11:47,786943.0
2018-04-16 11:48,786343.0
2018-04-16 11:49,786443.0
2018-04-16 11:50,785575.0
2018-04-16 11:51,785875.0
2018-04-16 11:52,785175.0
2018-04-16 11:53,784975.0
2018-04-16 11:54,785475.0
2018-04-16 11:55,785175.0
2018-04-16 11:56,783515.0
2018-04-16 11:57,783315.0
2018-04-16 11:58,783115.0
2018-04-16 11:59,785315.0
2018-04-16 12:00,785315.0
2018-04-16 12:01,791305.0
2018-04-16 12:02,789689.0
2018-04-16 12:03,790681.0
2018-04-16 12:04,792761.0
2018-04-16 12:05,791861.0
2018-04-16 12:06,793136.0
2018-04-16 12:07,792286.0
2018-04-16 12:08,792086.0
2018-04-16 12:09,792936.0
2018-04-16 12:10,793330.0
2018-04-16 12:11,794155.0
2018-04-16 12:12,792755.0
2018-04-16 12:13,793765.0
2018-04-16 12:14,797769.0
2018-04-16 12:15,798469.0
2018-04-16 12:16,798369.0
2018-04-16 12:17,796969.0
2018-04-16 12:18,798526.0
2018-04-16 12:19,797951.0
2018-04-16 12:20,797651.0
2018-04-16 12:21,798766.0
2018-04-16 12:22,797949.0
2018-04-16 12:23,797049.0
2018-04-16 12:25,798118.0
2018-04-16 12:26,797718.0
2018-04-16 12:27,797818.0
2018-04-16 12:28,798314.0
2018-04-16 12:29,797714.0
2018-04-16 12:30,796814.0
2018-04-16 12:31,797561.0
2018-04-16 12:32,800470.0
2018-04-16 12:33,801270.0
2018-04-16 12:35,799870.0
2018-04-16 12:36,798670.0
2018-04-16 12:37,791170.0
2018-04-16 12:38,791800.0
2018-04-16 12:39,792200.0
2018-04-16 12:40,792300.0
2018-04-16 12:41,792400.0
2018-04-16 12:42,793800.0
2018-04-16 12:43,795828.0
2018-04-16 12:44,796768.0
2018-04-16 12:45,795488.0
2018-04-16 12:46,796124.0
2018-04-16 12:47,796824.0
2018-04-16 12:48,797524.0
2018-04-16 12:49,798524.0
2018-04-16 12:50,797697.0
2018-04-16 12:51,798097.0
2018-04-16 12:52,799715.0
2018-04-16 12:53,800930.0
2018-04-16 12:54,800630.0
2018-04-16 12:55,801430.0
2018-04-16 12:56,801930.0
2018-04-16 12:57,801083.0
2018-04-16 12:58,803283.0
2018-04-16 12:59,803083.0
2018-04-16 13:00,802033.0
2018-04-16 13:01,803435.0
2018-04-16 13:02,802435.0
2018-04-16 13:03,801935.0
2018-04-16 13:04,802235.0
2018-04-16 13:05,804010.0
2018-04-16 13:06,806210.0
2018-04-16 13:07,808678.0
2018-04-16 13:08,809278.0
2018-04-16 13:09,807613.0
2018-04-16 13:10,809115.0
2018-04-16 13:11,808634.0
2018-04-16 13:12,808982.0
2018-04-16 13:13,807808.0
2018-04-16 13:14,808454.0
2018-04-16 13:15,809834.0
2018-04-16 13:16,810234.0
2018-04-16 13:17,808334.0
2018-04-16 13:18,807234.0
2018-04-16 13:19,805899.0
2018-04-16 13:20,804799.0
2018-04-16 13:21,805349.0
2018-04-16 13:22,804608.0
2018-04-16 13:23,806808.0
2018-04-16 13:24,805358.0
2018-04-16 13:25,804958.0
2018-04-16 13:26,806158.0
2018-04-16 13:27,805243.0
2018-04-16 13:28,805643.0
2018-04-16 13:29,806260.0
2018-04-16 13:31,805960.0
2018-04-16 13:32,807260.0
2018-04-16 13:33,804960.0
2018-04-16 13:34,806533.0
2018-04-16 13:35,803346.0
2018-04-16 13:36,804646.0
2018-04-16 13:37,803446.0
2018-04-16 13:38,805646.0
2018-04-16 13:39,807746.0
2018-04-16 13:40,809036.0
2018-04-16 13:41,810036.0
2018-04-16 13:42,809736.0
2018-04-16 13:43,808336.0
2018-04-16 13:44,808736.0
2018-04-16 13:45,808836.0
2018-04-16 13:46,809736.0
2018-04-16 13:47,808816.0
2018-04-16 13:48,809963.0
2018-04-16 13:49,809963.0
2018-04-16 13:50,809063.0
2018-04-16 13:51,808663.0
2018-04-16 13:52,810163.0
2018-04-16 13:53,809363.0
2018-04-16 13:54,809163.0
2018-04-16 13:55,810033.0
2018-04-16 13:56,809833.0
2018-04-16 13:57,808633.0
2018-04-16 13:58,803613.0
2018-04-16 13:59,803013.0
2018-04-16 14:00,803613.0
2018-04-16 14:01,804305.0
2018-04-16 14:02,804505.0
2018-04-16 14:03,803038.0
2018-04-16 14:04,798998.0
2018-04-16 14:05,796555.0
2018-04-16 14:06,792705.0
2018-04-16 14:07,793310.0
2018-04-16 14:08,793510.0
2018-04-16 14:09,795610.0
2018-04-16 14:10,796310.0
2018-04-16 14:11,796810.0
2018-04-16 14:13,796410.0
2018-04-16 14:14,796900.0
2018-04-16 14:15,796600.0
2018-04-16 14:16,797014.0
2018-04-16 14:17,797914.0
2018-04-16 14:18,797614.0
2018-04-16 14:19,797214.0
2018-04-16 14:20,796412.0
2018-04-16 14:21,797112.0
2018-04-16 14:23,796612.0
2018-04-16 14:24,796312.0
2018-04-16 14:25,796612.0
2018-04-16 14:26,795812.0
2018-04-16 14:27,795112.0
2018-04-16 14:28,795862.0
2018-04-16 14:29,795762.0
2018-04-16 14:30,796362.0
2018-04-16 14:31,796862.0
2018-04-16 14:32,797062.0
2018-04-16 14:33,796962.0
2018-04-16 14:34,796362.0
2018-04-16 14:35,797721.0
2018-04-16 14:36,799321.0
2018-04-16 14:37,799121.0
2018-04-16 14:38,799421.0
2018-04-16 14:39,798831.0
2018-04-16 14:40,800731.0
2018-04-16 14:41,801411.0
2018-04-16 14:42,801211.0
2018-04-16 14:43,799611.0
2018-04-16 14:44,799311.0
2018-04-16 14:45,798011.0
2018-04-16 14:46,798961.0
2018-04-16 14:47,800743.0
2018-04-16 14:48,801273.0
2018-04-16 14:49,802273.0
2018-04-16 14:50,799973.0
2018-04-16 14:51,799973.0
2018-04-16 14:52,797973.0
2018-04-16 14:53,798173.0
2018-04-16 14:54,796873.0
2018-04-16 14:55,796673.0
2018-04-16 14:56,795374.0
2018-04-16 14:57,794724.0
2018-04-16 14:58,795274.0
2018-04-16 14:59,794674.0
2018-04-16 15:00,795020.0
2018-04-16 15:01,794620.0
2018-04-16 15:02,796320.0
2018-04-16 15:03,797576.0
2018-04-16 15:04,795266.0
2018-04-16 15:05,794741.0
2018-04-16 15:06,793241.0
2018-04-16 15:07,792641.0
2018-04-16 15:08,791329.0
2018-04-16 15:09,792046.0
2018-04-16 15:10,790671.0
2018-04-16 15:11,790771.0
2018-04-16 15:12,791171.0
2018-04-16 15:13,790971.0
2018-04-16 15:14,788172.0
2018-04-16 15:15,787572.0
2018-04-16 15:16,788770.0
2018-04-16 15:17,787335.0
2018-04-16 15:18,787235.0
2018-04-16 15:19,787736.0
2018-04-16 15:20,788536.0
2018-04-16 15:21,787336.0
2018-04-16 15:22,785936.0
2018-04-16 15:23,785374.0
2018-04-16 15:24,785010.0
2018-04-16 15:25,783410.0
2018-04-16 15:26,782310.0
2018-04-16 15:27,783590.0
2018-04-16 15:28,782490.0
2018-04-16 15:29,783270.0
2018-04-16 15:30,784470.0
2018-04-16 15:31,784770.0
2018-04-16 15:32,785290.0
2018-04-16 15:33,784790.0
2018-04-16 15:34,783790.0
2018-04-16 15:35,786812.0
2018-04-16 15:36,788612.0
2018-04-16 15:37,788012.0
2018-04-16 15:38,786414.0
2018-04-16 15:39,787534.0
2018-04-16 15:40,785834.0
2018-04-16 15:41,784434.0
2018-04-16 15:42,782884.0
2018-04-16 15:43,785260.0
2018-04-16 15:44,788765.0
2018-04-16 15:45,792265.0
2018-04-16 15:46,789921.0
2018-04-16 15:47,785864.0
2018-04-16 15:48,779173.0
2018-04-16 15:49,780373.0
2018-04-16 15:50,782125.0
2018-04-16 15:51,784277.0
2018-04-16 15:52,787683.0
2018-04-16 15:53,786373.0
2018-04-16 15:54,781473.0
2018-04-16 15:55,783310.0
2018-04-16 15:56,783310.0
2018-04-16 15:57,779304.0
2018-04-16 15:58,777584.0
2018-04-16 15:59,772208.0
2018-04-16 16:00,598296.0
2018-04-17 09:30,616882.0
2018-04-17 09:31,626683.0
2018-04-17 09:32,618129.0
2018-04-17 09:33,611854.0
2018-04-17 09:34,621687.0
2018-04-17 09:35,628787.0
2018-04-17 09:36,634309.0
2018-04-17 09:37,638844.0
2018-04-17 09:38,645870.0
2018-04-17 09:39,651052.0
2018-04-17 09:40,659449.0
2018-04-17 09:41,667349.0
2018-04-17 09:42,655089.0
2018-04-17 09:43,656689.0
2018-04-17 09:44,662956.0
2018-04-17 09:45,668525.0
2018-04-17 09:46,677215.0
2018-04-17 09:47,674050.0
2018-04-17 09:48,671969.0
2018-04-17 09:49,668470.0
2018-04-17 09:50,664530.0
2018-04-17 09:51,662180.0
2018-04-17 09:52,664477.0
2018-04-17 09:53,658722.0
2018-04-17 09:54,668466.0
2018-04-17 09:55,672061.0
2018-04-17 09:56,684015.0
2018-04-17 09:57,690948.0
2018-04-17 09:58,689222.0
2018-04-17 09:59,684527.0
2018-04-17 10:00,693755.0
2018-04-17 10:01,700380.0
2018-04-17 10:02,695672.0
2018-04-17 10:03,691282.0
2018-04-17 10:04,678841.0
2018-04-17 10:05,674841.0
2018-04-17 10:06,672641.0
2018-04-17 10:07,674091.0
2018-04-17 10:08,679966.0
2018-04-17 10:09,676009.0
2018-04-17 10:10,679893.0
2018-04-17 10:11,678030.0
2018-04-17 10:12,679330.0
2018-04-17 10:13,682500.0
2018-04-17 10:14,688383.0
2018-04-17 10:15,690187.0
2018-04-17 10:16,692706.0
2018-04-17 10:17,689206.0
2018-04-17 10:18,693006.0
2018-04-17 10:19,691506.0
2018-04-17 10:20,693678.0
2018-04-17 10:21,696101.0
2018-04-17 10:22,693180.0
2018-04-17 10:23,694330.0
2018-04-17 10:24,697241.0
2018-04-17 10:25,698761.0
2018-04-17 10:26,695888.0
2018-04-17 10:27,692338.0
2018-04-17 10:28,685440.0
2018-04-17 10:29,681804.0
2018-04-17 10:30,679311.0
2018-04-17 10:31,678411.0
2018-04-17 10:32,679311.0
2018-04-17 10:33,682444.0
2018-04-17 10:34,682144.0
2018-04-17 10:35,683744.0
2018-04-17 10:36,686568.0
2018-04-17 10:37,684954.0
2018-04-17 10:38,683106.0
2018-04-17 10:39,686534.0
2018-04-17 10:40,684384.0
2018-04-17 10:41,687543.0
2018-04-17 10:42,686243.0
2018-04-17 10:43,686843.0
2018-04-17 10:44,686643.0
2018-04-17 10:45,683929.0
2018-04-17 10:46,682129.0
2018-04-17 10:47,675642.0
2018-04-17 10:48,679442.0
2018-04-17 10:49,686072.0
2018-04-17 10:50,687560.0
2018-04-17 10:51,688544.0
2018-04-17 10:52,685236.0
2018-04-17 10:53,687336.0
2018-04-17 10:54,689736.0
2018-04-17 10:55,689736.0
2018-04-17 10:56,691667.0
2018-04-17 10:57,684872.0
2018-04-17 10:58,688213.0
2018-04-17 10:59,688913.0
2018-04-17 11:00,692179.0
2018-04-17 11:01,695179.0
2018-04-17 11:02,700273.0
2018-04-17 11:03,699073.0
2018-04-17 11:04,697873.0
2018-04-17 11:05,704163.0
2018-04-17 11:06,706640.0
2018-04-17 11:07,701278.0
2018-04-17 11:08,695278.0
2018-04-17 11:09,693521.0
2018-04-17 11:10,694821.0
2018-04-17 11:11,692718.0
2018-04-17 11:12,690918.0
2018-04-17 11:13,692563.0
2018-04-17 11:14,695763.0
2018-04-17 11:15,694663.0
2018-04-17 11:16,693863.0
2018-04-17 11:17,692663.0
2018-04-17 11:18,690248.0
2018-04-17 11:19,690648.0
2018-04-17 11:20,687528.0
2018-04-17 11:21,689988.0
2018-04-17 11:22,691488.0
2018-04-17 11:23,692488.0
2018-04-17 11:24,689888.0
2018-04-17 11:25,689588.0
2018-04-17 11:26,693338.0
2018-04-17 11:27,691254.0
2018-04-17 11:28,693354.0
2018-04-17 11:29,691054.0
2018-04-17 11:30,688754.0
2018-04-17 11:31,690694.0
2018-04-17 11:32,690174.0
2018-04-17 11:33,690874.0
2018-04-17 11:34,688877.0
2018-04-17 11:35,687177.0
2018-04-17 11:36,688577.0
2018-04-17 11:37,687087.0
2018-04-17 11:38,682353.0
2018-04-17 11:39,682813.0
2018-04-17 11:40,683613.0
2018-04-17 11:41,684213.0
2018-04-17 11:42,681713.0
2018-04-17 11:43,680000.0
2018-04-17 11:44,679500.0
2018-04-17 11:45,681731.0
2018-04-17 11:46,682131.0
2018-04-17 11:47,684546.0
2018-04-17 11:48,685446.0
2018-04-17 11:49,686694.0
2018-04-17 11:50,683014.0
2018-04-17 11:51,685259.0
2018-04-17 11:52,686749.0
2018-04-17 11:53,682352.0
2018-04-17 11:54,684166.0
2018-04-17 11:55,681580.0
2018-04-17 11:56,678802.0
2018-04-17 11:57,678202.0
2018-04-17 11:58,676852.0
2018-04-17 11:59,678852.0
2018-04-17 12:00,677802.0
2018-04-17 12:01,678202.0
2018-04-17 12:02,679902.0
2018-04-17 12:03,679452.0
2018-04-17 12:04,681152.0
2018-04-17 12:05,682195.0
2018-04-17 12:06,680695.0
2018-04-17 12:07,677495.0
2018-04-17 12:08,679095.0
2018-04-17 12:09,677895.0
2018-04-17 12:10,676283.0
2018-04-17 12:11,677383.0
2018-04-17 12:12,677793.0
2018-04-17 12:13,676793.0
2018-04-17 12:14,677093.0
2018-04-17 12:15,676793.0
2018-04-17 12:16,681056.0
2018-04-17 12:17,682056.0
2018-04-17 12:18,682656.0
2018-04-17 12:19,682056.0
2018-04-17 12:20,685556.0
2018-04-17 12:21,686856.0
2018-04-17 12:22,688176.0
2018-04-17 12:23,693836.0
2018-04-17 12:24,695136.0
2018-04-17 12:25,696849.0
2018-04-17 12:26,696949.0
2018-04-17 12:27,698149.0
2018-04-17 12:28,696249.0
2018-04-17 12:29,694729.0
2018-04-17 12:30,696061.0
2018-04-17 12:31,696561.0
2018-04-17 12:32,698759.0
2018-04-17 12:33,697155.0
2018-04-17 12:34,695760.0
2018-04-17 12:35,690145.0
2018-04-17 12:36,686060.0
2018-04-17 12:37,684560.0
2018-04-17 12:38,682760.0
2018-04-17 12:39,684360.0
2018-04-17 12:40,686810.0
2018-04-17 12:41,689008.0
2018-04-17 12:42,689708.0
2018-04-17 12:43,688808.0
2018-04-17 12:44,686908.0
2018-04-17 12:45,685808.0
2018-04-17 12:46,687033.0
2018-04-17 12:47,685633.0
2018-04-17 12:48,685733.0
2018-04-17 12:49,684633.0
2018-04-17 12:50,685803.0
2018-04-17 12:51,686503.0
2018-04-17 12:52,688008.0
2018-04-17 12:53,688608.0
2018-04-17 12:54,689408.0
2018-04-17 12:55,681808.0
2018-04-17 12:56,681108.0
2018-04-17 12:57,681708.0
2018-04-17 12:58,679405.0
2018-04-17 12:59,684194.0
2018-04-17 13:00,685494.0
2018-04-17 13:01,684494.0
2018-04-17 13:02,684140.0
2018-04-17 13:03,683740.0
2018-04-17 13:04,687343.0
2018-04-17 13:05,690593.0
2018-04-17 13:06,688893.0
2018-04-17 13:07,691733.0
2018-04-17 13:08,696758.0
2018-04-17 13:09,697848.0
2018-04-17 13:10,694558.0
2018-04-17 13:11,689258.0
2018-04-17 13:12,687408.0
2018-04-17 13:13,688208.0
2018-04-17 13:14,684054.0
2018-04-17 13:15,684454.0
2018-04-17 13:16,677426.0
2018-04-17 13:17,679777.0
2018-04-17 13:18,680577.0
2018-04-17 13:19,678243.0
2018-04-17 13:20,676317.0
2018-04-17 13:21,672574.0
2018-04-17 13:22,667095.0
2018-04-17 13:23,669395.0
2018-04-17 13:24,675244.0
2018-04-17 13:25,670521.0
2018-04-17 13:26,670921.0
2018-04-17 13:27,673920.0
2018-04-17 13:28,673320.0
2018-04-17 13:29,676495.0
2018-04-17 13:30,682545.0
2018-04-17 13:31,685694.0
2018-04-17 13:32,683537.0
2018-04-17 13:34,684537.0
2018-04-17 13:35,684837.0
2018-04-17 13:36,685371.0
2018-04-17 13:37,683839.0
2018-04-17 13:38,684339.0
2018-04-17 13:39,685719.0
2018-04-17 13:40,684919.0
2018-04-17 13:41,684919.0
2018-04-17 13:42,685019.0
2018-04-17 13:43,683456.0
2018-04-17 13:44,684506.0
2018-04-17 13:45,684606.0
2018-04-17 13:46,683251.0
2018-04-17 13:47,682099.0
2018-04-17 13:48,686105.0
2018-04-17 13:49,687827.0
2018-04-17 13:50,687627.0
2018-04-17 13:51,686400.0
2018-04-17 13:52,684865.0
2018-04-17 13:53,683365.0
2018-04-17 13:54,683915.0
2018-04-17 13:55,685515.0
2018-04-17 13:56,685815.0
2018-04-17 13:57,685415.0
2018-04-17 13:58,686315.0
2018-04-17 13:59,686015.0
2018-04-17 14:00,686515.0
2018-04-17 14:01,689315.0
2018-04-17 14:02,690423.0
2018-04-17 14:03,691123.0
2018-04-17 14:04,690273.0
2018-04-17 14:05,695718.0
2018-04-17 14:06,692268.0
2018-04-17 14:07,689068.0
2018-04-17 14:08,690493.0
2018-04-17 14:09,692293.0
2018-04-17 14:10,695243.0
2018-04-17 14:11,693758.0
2018-04-17 14:12,691038.0
2018-04-17 14:13,691738.0
2018-04-17 14:14,689338.0
2018-04-17 14:15,689858.0
2018-04-17 14:16,694811.0
2018-04-17 14:17,694111.0
2018-04-17 14:18,694111.0
2018-04-17 14:19,693211.0
2018-04-17 14:20,690861.0
2018-04-17 14:21,693008.0
2018-04-17 14:22,687609.0
2018-04-17 14:23,689409.0
2018-04-17 14:24,688609.0
2018-04-17 14:25,689809.0
2018-04-17 14:26,687657.0
2018-04-17 14:27,685757.0
2018-04-17 14:28,682916.0
2018-04-17 14:29,684983.0
2018-04-17 14:30,684583.0
2018-04-17 14:31,685383.0
2018-04-17 14:32,687213.0
2018-04-17 14:33,687713.0
2018-04-17 14:34,685887.0
2018-04-17 14:35,690758.0
2018-04-17 14:36,694178.0
2018-04-17 14:37,694653.0
2018-04-17 14:38,692970.0
2018-04-17 14:39,693303.0
2018-04-17 14:40,697462.0
2018-04-17 14:41,693062.0
2018-04-17 14:42,690662.0
2018-04-17 14:43,691162.0
2018-04-17 14:44,690037.0
2018-04-17 14:45,691537.0
2018-04-17 14:46,693565.0
2018-04-17 14:47,699114.0
2018-04-17 14:48,704149.0
2018-04-17 14:49,704649.0
2018-04-17 14:50,707859.0
2018-04-17 14:51,706647.0
2018-04-17 14:52,705747.0
2018-04-17 14:53,706247.0
2018-04-17 14:54,707843.0
2018-04-17 14:55,706049.0
2018-04-17 14:56,708415.0
2018-04-17 14:57,709121.0
2018-04-17 14:58,707322.0
2018-04-17 14:59,705127.0
2018-04-17 15:00,705827.0
2018-04-17 15:01,704992.0
2018-04-17 15:02,704392.0
2018-04-17 15:03,705292.0
2018-04-17 15:04,705937.0
2018-04-17 15:05,704637.0
2018-04-17 15:06,706037.0
2018-04-17 15:07,706637.0
2018-04-17 15:08,697859.0
2018-04-17 15:09,698949.0
2018-04-17 15:10,697465.0
2018-04-17 15:11,692665.0
2018-04-17 15:12,692065.0
2018-04-17 15:13,682809.0
2018-04-17 15:14,686235.0
2018-04-17 15:15,683875.0
2018-04-17 15:16,685475.0
2018-04-17 15:17,686375.0
2018-04-17 15:18,686575.0
2018-04-17 15:19,687375.0
2018-04-17 15:20,690557.0
2018-04-17 15:21,688248.0
2018-04-17 15:22,686998.0
2018-04-17 15:23,682482.0
2018-04-17 15:24,682382.0
2018-04-17 15:25,681282.0
2018-04-17 15:26,679576.0
2018-04-17 15:27,677877.0
2018-04-17 15:28,679119.0
2018-04-17 15:29,680119.0
2018-04-17 15:30,679119.0
2018-04-17 15:31,680319.0
2018-04-17 15:32,681419.0
2018-04-17 15:33,684819.0
2018-04-17 15:34,686419.0
2018-04-17 15:35,689219.0
2018-04-17 15:36,687496.0
2018-04-17 15:37,689196.0
2018-04-17 15:38,690796.0
2018-04-17 15:39,692281.0
2018-04-17 15:40,690781.0
2018-04-17 15:41,694666.0
2018-04-17 15:42,692916.0
2018-04-17 15:43,691121.0
2018-04-17 15:44,693311.0
2018-04-17 15:45,695089.0
2018-04-17 15:46,691045.0
2018-04-17 15:47,692694.0
2018-04-17 15:48,689491.0
2018-04-17 15:49,690510.0
2018-04-17 15:50,690510.0
2018-04-17 15:51,683810.0
2018-04-17 15:52,689114.0
2018-04-17 15:53,678926.0
2018-04-17 15:54,688541.0
2018-04-17 15:55,680064.0
2018-04-17 15:56,688637.0
2018-04-17 15:57,683537.0
2018-04-17 15:58,683537.0
2018-04-17 15:59,695935.0
2018-04-17 16:00,547268.0
2018-04-18 09:30,570306.0
2018-04-18 09:31,557458.0
2018-04-18 09:32,547398.0
2018-04-18 09:33,550919.0
2018-04-18 09:34,545769.0
2018-04-18 09:35,551399.0
2018-04-18 09:36,555404.0
2018-04-18 09:37,568564.0
2018-04-18 09:38,565461.0
2018-04-18 09:39,556207.0
2018-04-18 09:40,551564.0
2018-04-18 09:41,556814.0
2018-04-18 09:42,564063.0
2018-04-18 09:43,569714.0
2018-04-18 09:44,565947.0
2018-04-18 09:45,560147.0
2018-04-18 09:46,556918.0
2018-04-18 09:47,549627.0
2018-04-18 09:48,555202.0
2018-04-18 09:49,563510.0
2018-04-18 09:50,565610.0
2018-04-18 09:51,563510.0
2018-04-18 09:52,560710.0
2018-04-18 09:53,557929.0
2018-04-18 09:54,561135.0
2018-04-18 09:55,573306.0
2018-04-18 09:56,580956.0
2018-04-18 09:57,575834.0
2018-04-18 09:58,572466.0
2018-04-18 09:59,567296.0
2018-04-18 10:00,563656.0
2018-04-18 10:01,559631.0
2018-04-18 10:02,555231.0
2018-04-18 10:03,549317.0
2018-04-18 10:04,554317.0
2018-04-18 10:05,553173.0
2018-04-18 10:06,546973.0
2018-04-18 10:07,543143.0
2018-04-18 10:08,545211.0
2018-04-18 10:09,544211.0
2018-04-18 10:10,547655.0
2018-04-18 10:11,546350.0
2018-04-18 10:12,549819.0
2018-04-18 10:13,548824.0
2018-04-18 10:14,545909.0
2018-04-18 10:15,549059.0
2018-04-18 10:16,550459.0
2018-04-18 10:17,553459.0
2018-04-18 10:18,556209.0
2018-04-18 10:19,551511.0
2018-04-18 10:20,553034.0
2018-04-18 10:21,556939.0
2018-04-18 10:22,555443.0
2018-04-18 10:23,556743.0
2018-04-18 10:24,552756.0
2018-04-18 10:25,553596.0
2018-04-18 10:26,550796.0
2018-04-18 10:27,547142.0
2018-04-18 10:28,550790.0
2018-04-18 10:29,552190.0
2018-04-18 10:30,553890.0
2018-04-18 10:31,557891.0
2018-04-18 10:32,559499.0
2018-04-18 10:33,563727.0
2018-04-18 10:34,561827.0
2018-04-18 10:35,560269.0
2018-04-18 10:36,560784.0
2018-04-18 10:37,562335.0
2018-04-18 10:38,563235.0
2018-04-18 10:39,562635.0
2018-04-18 10:40,563635.0
2018-04-18 10:41,563935.0
2018-04-18 10:42,562509.0
2018-04-18 10:43,561900.0
2018-04-18 10:44,562958.0
2018-04-18 10:45,563958.0
2018-04-18 10:46,565408.0
2018-04-18 10:47,564508.0
2018-04-18 10:48,562805.0
2018-04-18 10:49,561799.0
2018-04-18 10:50,562797.0
2018-04-18 10:51,562997.0
2018-04-18 10:52,562097.0
2018-04-18 10:53,562992.0
2018-04-18 10:54,563536.0
2018-04-18 10:55,562736.0
2018-04-18 10:56,562936.0
2018-04-18 10:57,563860.0
2018-04-18 10:58,563960.0
2018-04-18 10:59,563160.0
2018-04-18 11:00,564575.0
2018-04-18 11:01,565075.0
2018-04-18 11:02,568898.0
2018-04-18 11:03,567685.0
2018-04-18 11:04,568285.0
2018-04-18 11:05,569985.0
2018-04-18 11:06,568337.0
2018-04-18 11:07,569950.0
2018-04-18 11:08,570456.0
2018-04-18 11:09,569356.0
2018-04-18 11:10,567906.0
2018-04-18 11:11,569706.0
2018-04-18 11:12,569106.0
2018-04-18 11:13,570306.0
2018-04-18 11:14,572592.0
2018-04-18 11:15,573506.0
2018-04-18 11:16,572706.0
2018-04-18 11:17,571106.0
2018-04-18 11:18,569525.0
2018-04-18 11:19,569725.0
2018-04-18 11:20,569301.0
2018-04-18 11:22,567851.0
2018-04-18 11:23,566238.0
2018-04-18 11:24,562938.0
2018-04-18 11:25,564375.0
2018-04-18 11:26,565480.0
2018-04-18 11:27,567229.0
2018-04-18 11:28,568229.0
2018-04-18 11:29,569729.0
2018-04-18 11:30,568584.0
2018-04-18 11:31,567285.0
2018-04-18 11:32,566835.0
2018-04-18 11:33,565135.0
2018-04-18 11:34,562411.0
2018-04-18 11:35,565116.0
2018-04-18 11:36,565116.0
2018-04-18 11:37,565616.0
2018-04-18 11:38,563198.0
2018-04-18 11:39,562598.0
2018-04-18 11:40,569399.0
2018-04-18 11:41,569999.0
2018-04-18 11:42,569494.0
2018-04-18 11:43,571494.0
2018-04-18 11:44,568894.0
2018-04-18 11:45,566274.0
2018-04-18 11:46,564651.0
2018-04-18 11:47,561758.0
2018-04-18 11:48,557779.0
2018-04-18 11:49,562030.0
2018-04-18 11:50,561530.0
2018-04-18 11:51,562422.0
2018-04-18 11:52,563327.0
2018-04-18 11:53,565527.0
2018-04-18 11:54,563927.0
2018-04-18 11:55,564727.0
2018-04-18 11:56,564347.0
2018-04-18 11:57,563347.0
2018-04-18 11:58,563047.0
2018-04-18 11:59,562147.0
2018-04-18 12:00,561521.0
2018-04-18 12:02,562021.0
2018-04-18 12:03,561921.0
2018-04-18 12:05,564881.0
2018-04-18 12:06,562919.0
2018-04-18 12:07,563969.0
2018-04-18 12:08,567519.0
2018-04-18 12:09,570333.0
2018-04-18 12:10,569633.0
2018-04-18 12:11,570433.0
2018-04-18 12:12,570033.0
2018-04-18 12:13,568333.0
2018-04-18 12:14,569733.0
2018-04-18 12:15,570133.0
2018-04-18 12:16,569033.0
2018-04-18 12:17,567818.0
2018-04-18 12:18,567318.0
2018-04-18 12:19,566218.0
2018-04-18 12:20,566118.0
2018-04-18 12:21,563101.0
2018-04-18 12:22,562238.0
2018-04-18 12:23,563291.0
2018-04-18 12:24,563756.0
2018-04-18 12:25,564106.0
2018-04-18 12:26,565916.0
2018-04-18 12:27,564966.0
2018-04-18 12:28,564466.0
2018-04-18 12:29,564066.0
2018-04-18 12:30,564166.0
2018-04-18 12:31,563766.0
2018-04-18 12:32,562916.0
2018-04-18 12:33,562616.0
2018-04-18 12:34,563750.0
2018-04-18 12:35,563150.0
2018-04-18 12:36,563250.0
2018-04-18 12:37,561897.0
2018-04-18 12:38,560068.0
2018-04-18 12:39,556768.0
2018-04-18 12:40,556868.0
2018-04-18 12:41,557693.0
2018-04-18 12:42,558168.0
2018-04-18 12:43,557768.0
2018-04-18 12:44,557568.0
2018-04-18 12:45,558036.0
2018-04-18 12:46,558036.0
2018-04-18 12:47,558548.0
2018-04-18 12:48,559418.0
2018-04-18 12:49,558518.0
2018-04-18 12:50,557916.0
2018-04-18 12:52,558116.0
2018-04-18 12:53,560116.0
2018-04-18 12:54,559216.0
2018-04-18 12:55,559316.0
2018-04-18 12:56,558616.0
2018-04-18 12:57,559826.0
2018-04-18 12:58,559026.0
2018-04-18 12:59,558356.0
2018-04-18 13:00,558256.0
2018-04-18 13:01,556756.0
2018-04-18 13:03,556506.0
2018-04-18 13:04,556106.0
2018-04-18 13:05,556606.0
2018-04-18 13:06,557206.0
2018-04-18 13:07,556906.0
2018-04-18 13:08,556806.0
2018-04-18 13:10,555806.0
2018-04-18 13:12,555706.0
2018-04-18 13:13,557106.0
2018-04-18 13:14,557706.0
2018-04-18 13:15,559077.0
2018-04-18 13:16,558877.0
2018-04-18 13:17,558277.0
2018-04-18 13:18,557577.0
2018-04-18 13:19,556877.0
2018-04-18 13:20,557277.0
2018-04-18 13:21,557777.0
2018-04-18 13:23,558977.0
2018-04-18 13:24,556377.0
2018-04-18 13:25,555777.0
2018-04-18 13:26,554167.0
2018-04-18 13:27,554067.0
2018-04-18 13:29,554867.0
2018-04-18 13:30,554767.0
2018-04-18 13:32,555167.0
2018-04-18 13:33,554368.0
2018-04-18 13:34,554468.0
2018-04-18 13:37,554468.0
2018-04-18 13:38,554768.0
2018-04-18 13:39,553668.0
2018-04-18 13:40,553168.0
2018-04-18 13:41,552268.0
2018-04-18 13:42,551773.0
2018-04-18 13:43,551873.0
2018-04-18 13:44,551373.0
2018-04-18 13:45,550873.0
2018-04-18 13:46,551091.0
2018-04-18 13:47,550320.0
2018-04-18 13:48,549313.0
2018-04-18 13:49,551196.0
2018-04-18 13:50,551396.0
2018-04-18 13:51,551296.0
2018-04-18 13:52,551396.0
2018-04-18 13:53,552716.0
2018-04-18 13:54,552816.0
2018-04-18 13:55,552516.0
2018-04-18 13:56,553358.0
2018-04-18 13:57,553458.0
2018-04-18 13:58,552538.0
2018-04-18 13:59,552438.0
2018-04-18 14:00,552038.0
2018-04-18 14:01,549283.0
2018-04-18 14:02,550973.0
2018-04-18 14:03,550473.0
2018-04-18 14:04,550273.0
2018-04-18 14:05,550573.0
2018-04-18 14:06,553062.0
2018-04-18 14:07,554662.0
2018-04-18 14:08,554762.0
2018-04-18 14:09,553862.0
2018-04-18 14:10,553662.0
2018-04-18 14:11,553862.0
2018-04-18 14:12,554162.0
2018-04-18 14:13,553462.0
2018-04-18 14:14,554762.0
2018-04-18 14:15,554862.0
2018-04-18 14:16,555840.0
2018-04-18 14:17,558180.0
2018-04-18 14:18,556330.0
2018-04-18 14:19,555430.0
2018-04-18 14:20,555830.0
2018-04-18 14:21,555480.0
2018-04-18 14:22,554980.0
2018-04-18 14:23,556580.0
2018-04-18 14:24,555873.0
2018-04-18 14:25,555433.0
2018-04-18 14:26,555133.0
2018-04-18 14:27,556506.0
2018-04-18 14:28,556983.0
2018-04-18 14:29,557483.0
2018-04-18 14:30,557783.0
2018-04-18 14:32,557883.0
2018-04-18 14:33,557683.0
2018-04-18 14:34,558483.0
2018-04-18 14:35,558783.0
2018-04-18 14:36,559283.0
2018-04-18 14:37,557783.0
2018-04-18 14:38,557083.0
2018-04-18 14:39,558083.0
2018-04-18 14:40,555588.0
2018-04-18 14:41,555688.0
2018-04-18 14:42,556884.0
2018-04-18 14:43,555184.0
2018-04-18 14:45,555984.0
2018-04-18 14:46,556284.0
2018-04-18 14:47,556484.0
2018-04-18 14:48,554884.0
2018-04-18 14:49,555084.0
2018-04-18 14:50,553237.0
2018-04-18 14:51,552237.0
2018-04-18 14:52,554887.0
2018-04-18 14:53,554587.0
2018-04-18 14:54,554387.0
2018-04-18 14:55,553687.0
2018-04-18 14:56,553887.0
2018-04-18 14:57,553637.0
2018-04-18 14:58,554337.0
2018-04-18 14:59,553737.0
2018-04-18 15:00,551319.0
2018-04-18 15:01,552219.0
2018-04-18 15:02,551919.0
2018-04-18 15:03,552119.0
2018-04-18 15:04,552619.0
2018-04-18 15:05,552319.0
2018-04-18 15:06,554028.0
2018-04-18 15:07,554928.0
2018-04-18 15:08,556063.0
2018-04-18 15:09,554913.0
2018-04-18 15:10,553913.0
2018-04-18 15:11,554579.0
2018-04-18 15:12,553579.0
2018-04-18 15:13,554007.0
2018-04-18 15:14,552182.0
2018-04-18 15:15,551282.0
2018-04-18 15:16,552149.0
2018-04-18 15:17,551049.0
2018-04-18 15:18,552249.0
2018-04-18 15:19,551649.0
2018-04-18 15:20,550835.0
2018-04-18 15:21,552896.0
2018-04-18 15:22,551503.0
2018-04-18 15:23,549382.0
2018-04-18 15:24,548675.0
2018-04-18 15:25,546475.0
2018-04-18 15:26,546575.0
2018-04-18 15:27,547253.0
2018-04-18 15:28,546149.0
2018-04-18 15:29,544999.0
2018-04-18 15:30,544599.0
2018-04-18 15:31,543799.0
2018-04-18 15:32,543299.0
2018-04-18 15:33,544499.0
2018-04-18 15:34,544399.0
2018-04-18 15:35,545749.0
2018-04-18 15:36,546349.0
2018-04-18 15:37,543771.0
2018-04-18 15:38,541976.0
2018-04-18 15:39,540916.0
2018-04-18 15:40,540181.0
2018-04-18 15:41,538354.0
2018-04-18 15:42,542818.0
2018-04-18 15:43,544123.0
2018-04-18 15:44,545623.0
2018-04-18 15:45,546923.0
2018-04-18 15:46,548923.0
2018-04-18 15:47,546423.0
2018-04-18 15:48,547793.0
2018-04-18 15:49,545093.0
2018-04-18 15:50,542470.0
2018-04-18 15:51,544195.0
2018-04-18 15:52,546093.0
2018-04-18 15:53,543693.0
2018-04-18 15:54,540593.0
2018-04-18 15:55,545543.0
2018-04-18 15:56,541962.0
2018-04-18 15:57,544398.0
2018-04-18 15:58,542898.0
2018-04-18 15:59,539787.0
2018-04-18 16:00,592096.0
2018-04-19 09:30,576936.0
2018-04-19 09:31,579536.0
2018-04-19 09:32,583936.0
2018-04-19 09:33,575745.0
2018-04-19 09:34,581960.0
2018-04-19 09:35,580643.0
2018-04-19 09:36,578448.0
2018-04-19 09:37,584787.0
2018-04-19 09:38,583787.0
2018-04-19 09:39,587280.0
2018-04-19 09:40,585300.0
2018-04-19 09:41,582966.0
2018-04-19 09:42,585817.0
2018-04-19 09:43,588257.0
2018-04-19 09:44,592196.0
2018-04-19 09:45,590896.0
2018-04-19 09:46,589398.0
2018-04-19 09:47,590423.0
2018-04-19 09:48,587522.0
2018-04-19 09:49,586222.0
2018-04-19 09:50,588472.0
2018-04-19 09:51,591172.0
2018-04-19 09:52,590272.0
2018-04-19 09:53,594472.0
2018-04-19 09:54,595612.0
2018-04-19 09:55,597912.0
2018-04-19 09:56,593662.0
2018-04-19 09:57,598985.0
2018-04-19 09:58,604685.0
2018-04-19 09:59,615127.0
2018-04-19 10:00,608693.0
2018-04-19 10:01,605723.0
2018-04-19 10:02,602277.0
2018-04-19 10:03,604477.0
2018-04-19 10:04,602777.0
2018-04-19 10:05,606399.0
2018-04-19 10:06,603999.0
2018-04-19 10:07,601055.0
2018-04-19 10:08,599555.0
2018-04-19 10:09,600955.0
2018-04-19 10:10,603855.0
2018-04-19 10:11,605565.0
2018-04-19 10:12,607800.0
2018-04-19 10:13,602401.0
2018-04-19 10:14,601401.0
2018-04-19 10:15,604801.0
2018-04-19 10:16,609565.0
2018-04-19 10:17,614345.0
2018-04-19 10:18,618745.0
2018-04-19 10:19,624398.0
2018-04-19 10:20,621834.0
2018-04-19 10:21,619924.0
2018-04-19 10:22,618524.0
2018-04-19 10:23,623234.0
2018-04-19 10:24,622634.0
2018-04-19 10:25,625734.0
2018-04-19 10:26,631631.0
2018-04-19 10:27,628606.0
2018-04-19 10:28,630621.0
2018-04-19 10:29,627146.0
2018-04-19 10:30,630346.0
2018-04-19 10:31,626669.0
2018-04-19 10:32,625257.0
2018-04-19 10:33,624657.0
2018-04-19 10:34,625457.0
2018-04-19 10:35,624617.0
2018-04-19 10:36,626517.0
2018-04-19 10:37,624917.0
2018-04-19 10:38,624617.0
2018-04-19 10:39,625837.0
2018-04-19 10:40,629649.0
2018-04-19 10:41,628349.0
2018-04-19 10:42,627149.0
2018-04-19 10:43,627949.0
2018-04-19 10:44,627149.0
2018-04-19 10:45,624889.0
2018-04-19 10:46,625889.0
2018-04-19 10:47,622089.0
2018-04-19 10:48,622589.0
2018-04-19 10:49,621289.0
2018-04-19 10:50,621689.0
2018-04-19 10:51,624164.0
2018-04-19 10:52,623664.0
2018-04-19 10:53,621764.0
2018-04-19 10:54,623274.0
2018-04-19 10:55,622374.0
2018-04-19 10:56,620374.0
2018-04-19 10:57,621774.0
2018-04-19 10:58,623305.0
2018-04-19 10:59,624739.0
2018-04-19 11:00,626839.0
2018-04-19 11:01,624659.0
2018-04-19 11:02,628223.0
2018-04-19 11:03,627423.0
2018-04-19 11:04,625423.0
2018-04-19 11:05,624006.0
2018-04-19 11:06,627106.0
2018-04-19 11:07,628206.0
2018-04-19 11:08,627156.0
2018-04-19 11:09,628736.0
2018-04-19 11:10,625456.0
2018-04-19 11:11,625956.0
2018-04-19 11:12,623856.0
2018-04-19 11:13,623056.0
2018-04-19 11:14,618840.0
2018-04-19 11:15,619740.0
2018-04-19 11:16,618140.0
2018-04-19 11:17,619140.0
2018-04-19 11:18,623362.0
2018-04-19 11:19,621862.0
2018-04-19 11:20,622762.0
2018-04-19 11:21,621562.0
2018-04-19 11:22,620697.0
2018-04-19 11:23,622495.0
2018-04-19 11:24,623895.0
2018-04-19 11:25,630499.0
2018-04-19 11:26,629799.0
2018-04-19 11:27,630199.0
2018-04-19 11:28,628809.0
2018-04-19 11:29,629847.0
2018-04-19 11:30,631217.0
2018-04-19 11:31,630917.0
2018-04-19 11:32,629569.0
2018-04-19 11:33,630669.0
2018-04-19 11:34,629369.0
2018-04-19 11:35,630069.0
2018-04-19 11:36,633755.0
2018-04-19 11:37,633055.0
2018-04-19 11:38,633655.0
2018-04-19 11:40,631935.0
2018-04-19 11:41,632235.0
2018-04-19 11:42,631535.0
2018-04-19 11:43,629955.0
2018-04-19 11:44,634023.0
2018-04-19 11:45,636088.0
2018-04-19 11:46,635688.0
2018-04-19 11:47,635788.0
2018-04-19 11:48,639288.0
2018-04-19 11:49,638088.0
2018-04-19 11:50,638888.0
2018-04-19 11:51,640350.0
2018-04-19 11:52,640150.0
2018-04-19 11:53,639050.0
2018-04-19 11:54,636550.0
2018-04-19 11:55,637250.0
2018-04-19 11:56,639050.0
2018-04-19 11:57,636621.0
2018-04-19 11:58,636821.0
2018-04-19 11:59,636621.0
2018-04-19 12:00,636121.0
2018-04-19 12:01,631494.0
2018-04-19 12:02,625917.0
2018-04-19 12:03,628617.0
2018-04-19 12:04,633017.0
2018-04-19 12:05,635217.0
2018-04-19 12:06,634167.0
2018-04-19 12:07,631867.0
2018-04-19 12:08,632980.0
2018-04-19 12:09,633280.0
2018-04-19 12:10,634280.0
2018-04-19 12:11,633680.0
2018-04-19 12:13,632980.0
2018-04-19 12:14,633380.0
2018-04-19 12:15,633680.0
2018-04-19 12:16,634180.0
2018-04-19 12:17,632388.0
2018-04-19 12:18,633123.0
2018-04-19 12:20,633323.0
2018-04-19 12:21,633923.0
2018-04-19 12:22,634423.0
2018-04-19 12:23,633923.0
2018-04-19 12:24,634373.0
2018-04-19 12:25,632324.0
2018-04-19 12:26,630924.0
2018-04-19 12:27,631224.0
2018-04-19 12:28,630824.0
2018-04-19 12:29,629824.0
2018-04-19 12:30,628824.0
2018-04-19 12:31,632324.0
2018-04-19 12:32,631024.0
2018-04-19 12:33,631324.0
2018-04-19 12:34,630624.0
2018-04-19 12:35,630524.0
2018-04-19 12:36,631124.0
2018-04-19 12:37,630299.0
2018-04-19 12:38,630599.0
2018-04-19 12:39,631858.0
2018-04-19 12:40,633171.0
2018-04-19 12:41,632577.0
2018-04-19 12:42,632677.0
2018-04-19 12:43,633077.0
2018-04-19 12:44,632477.0
2018-04-19 12:45,633077.0
2018-04-19 12:46,633848.0
2018-04-19 12:47,632548.0
2018-04-19 12:48,632748.0
2018-04-19 12:49,633248.0
2018-04-19 12:50,633748.0
2018-04-19 12:51,634548.0
2018-04-19 12:52,636128.0
2018-04-19 12:53,635228.0
2018-04-19 12:54,633328.0
2018-04-19 12:55,633928.0
2018-04-19 12:56,633628.0
2018-04-19 12:57,633228.0
2018-04-19 12:58,633728.0
2018-04-19 12:59,632004.0
2018-04-19 13:00,631300.0
2018-04-19 13:01,632800.0
2018-04-19 13:02,632212.0
2018-04-19 13:03,633612.0
2018-04-19 13:04,629612.0
2018-04-19 13:05,631012.0
2018-04-19 13:06,628995.0
2018-04-19 13:07,629595.0
2018-04-19 13:08,631295.0
2018-04-19 13:09,628969.0
2018-04-19 13:10,630869.0
2018-04-19 13:11,630369.0
2018-04-19 13:12,630069.0
2018-04-19 13:13,631669.0
2018-04-19 13:14,636718.0
2018-04-19 13:15,633698.0
2018-04-19 13:16,633198.0
2018-04-19 13:17,634598.0
2018-04-19 13:18,632598.0
2018-04-19 13:19,633498.0
2018-04-19 13:20,633098.0
2018-04-19 13:21,634798.0
2018-04-19 13:22,634298.0
2018-04-19 13:23,633198.0
2018-04-19 13:24,627598.0
2018-04-19 13:25,626998.0
2018-04-19 13:27,625498.0
2018-04-19 13:28,623119.0
2018-04-19 13:29,627719.0
2018-04-19 13:30,627194.0
2018-04-19 13:31,628194.0
2018-04-19 13:32,629194.0
2018-04-19 13:33,629094.0
2018-04-19 13:35,628794.0
2018-04-19 13:36,628094.0
2018-04-19 13:37,628194.0
2018-04-19 13:38,628594.0
2018-04-19 13:39,629120.0
2018-04-19 13:40,629620.0
2018-04-19 13:41,625167.0
2018-04-19 13:42,625936.0
2018-04-19 13:43,626036.0
2018-04-19 13:44,626136.0
2018-04-19 13:45,628391.0
2018-04-19 13:46,626891.0
2018-04-19 13:47,625191.0
2018-04-19 13:48,626976.0
2018-04-19 13:49,626351.0
2018-04-19 13:50,625451.0
2018-04-19 13:51,625851.0
2018-04-19 13:52,626951.0
2018-04-19 13:53,627351.0
2018-04-19 13:54,627251.0
2018-04-19 13:55,631951.0
2018-04-19 13:56,632551.0
2018-04-19 13:57,631751.0
2018-04-19 13:58,631051.0
2018-04-19 13:59,631600.0
2018-04-19 14:00,629880.0
2018-04-19 14:01,628780.0
2018-04-19 14:02,632388.0
2018-04-19 14:03,632088.0
2018-04-19 14:04,633788.0
2018-04-19 14:05,632539.0
2018-04-19 14:06,634139.0
2018-04-19 14:07,636141.0
2018-04-19 14:08,638967.0
2018-04-19 14:09,637796.0
2018-04-19 14:10,636951.0
2018-04-19 14:11,643852.0
2018-04-19 14:12,643252.0
2018-04-19 14:13,643552.0
2018-04-19 14:14,640852.0
2018-04-19 14:15,639552.0
2018-04-19 14:16,641784.0
2018-04-19 14:17,646738.0
2018-04-19 14:18,646338.0
2018-04-19 14:19,645103.0
2018-04-19 14:20,644703.0
2018-04-19 14:21,642560.0
2018-04-19 14:22,641860.0
2018-04-19 14:23,636847.0
2018-04-19 14:24,631947.0
2018-04-19 14:25,639873.0
2018-04-19 14:26,641627.0
2018-04-19 14:27,643827.0
2018-04-19 14:28,643607.0
2018-04-19 14:29,644807.0
2018-04-19 14:30,645007.0
2018-04-19 14:31,646007.0
2018-04-19 14:32,645307.0
2018-04-19 14:33,645992.0
2018-04-19 14:34,645892.0
2018-04-19 14:35,653363.0
2018-04-19 14:36,651013.0
2018-04-19 14:37,650113.0
2018-04-19 14:38,655422.0
2018-04-19 14:39,653302.0
2018-04-19 14:40,656122.0
2018-04-19 14:41,657422.0
2018-04-19 14:42,658722.0
2018-04-19 14:43,667908.0
2018-04-19 14:44,672968.0
2018-04-19 14:45,673868.0
2018-04-19 14:46,676186.0
2018-04-19 14:47,675586.0
2018-04-19 14:48,675486.0
2018-04-19 14:49,674185.0
2018-04-19 14:50,674585.0
2018-04-19 14:51,672992.0
2018-04-19 14:52,673692.0
2018-04-19 14:53,672392.0
2018-04-19 14:54,669926.0
2018-04-19 14:55,670126.0
2018-04-19 14:56,671636.0
2018-04-19 14:57,672836.0
2018-04-19 14:58,671132.0
2018-04-19 14:59,672232.0
2018-04-19 15:00,672632.0
2018-04-19 15:01,674893.0
2018-04-19 15:02,672843.0
2018-04-19 15:03,672193.0
2018-04-19 15:04,672903.0
2018-04-19 15:05,675193.0
2018-04-19 15:06,679092.0
2018-04-19 15:07,681383.0
2018-04-19 15:08,681983.0
2018-04-19 15:09,683949.0
2018-04-19 15:10,688064.0
2018-04-19 15:11,693654.0
2018-04-19 15:12,701709.0
2018-04-19 15:13,698733.0
2018-04-19 15:14,700397.0
2018-04-19 15:15,699777.0
2018-04-19 15:16,697977.0
2018-04-19 15:17,691560.0
2018-04-19 15:18,690289.0
2018-04-19 15:19,691410.0
2018-04-19 15:20,689949.0
2018-04-19 15:21,688148.0
2018-04-19 15:22,681459.0
2018-04-19 15:23,679959.0
2018-04-19 15:24,678659.0
2018-04-19 15:25,679259.0
2018-04-19 15:26,677104.0
2018-04-19 15:27,677704.0
2018-04-19 15:28,676304.0
2018-04-19 15:29,677984.0
2018-04-19 15:30,676471.0
2018-04-19 15:31,679171.0
2018-04-19 15:32,680971.0
2018-04-19 15:33,680971.0
2018-04-19 15:34,682351.0
2018-04-19 15:35,691403.0
2018-04-19 15:36,702553.0
2018-04-19 15:37,687001.0
2018-04-19 15:38,693801.0
2018-04-19 15:39,699449.0
2018-04-19 15:40,692505.0
2018-04-19 15:41,694105.0
2018-04-19 15:42,686553.0
2018-04-19 15:43,683053.0
2018-04-19 15:44,684153.0
2018-04-19 15:45,692706.0
2018-04-19 15:46,697206.0
2018-04-19 15:47,703873.0
2018-04-19 15:48,695204.0
2018-04-19 15:49,703554.0
2018-04-19 15:50,713940.0
2018-04-19 15:51,705491.0
2018-04-19 15:52,699810.0
2018-04-19 15:53,694762.0
2018-04-19 15:54,690267.0
2018-04-19 15:55,683339.0
2018-04-19 15:56,672917.0
2018-04-19 15:57,681135.0
2018-04-19 15:58,671804.0
2018-04-19 15:59,681340.0
2018-04-19 16:00,559241.0
2018-04-20 09:30,444554.0
2018-04-20 09:31,420226.0
2018-04-20 09:32,410997.0
2018-04-20 09:33,419113.0
2018-04-20 09:34,429123.0
2018-04-20 09:35,420764.0
2018-04-20 09:36,414245.0
2018-04-20 09:37,407602.0
2018-04-20 09:38,412989.0
2018-04-20 09:39,415961.0
2018-04-20 09:40,415961.0
2018-04-20 09:41,420981.0
2018-04-20 09:42,420981.0
2018-04-20 09:43,425819.0
2018-04-20 09:44,421825.0
2018-04-20 09:45,417950.0
2018-04-20 09:46,414880.0
2018-04-20 09:47,413560.0
2018-04-20 09:48,416410.0
2018-04-20 09:49,417148.0
2018-04-20 09:50,418431.0
2018-04-20 09:51,420026.0
2018-04-20 09:52,417226.0
2018-04-20 09:53,412697.0
2018-04-20 09:54,409238.0
2018-04-20 09:55,411838.0
2018-04-20 09:56,406841.0
2018-04-20 09:57,409641.0
2018-04-20 09:58,405341.0
2018-04-20 09:59,408841.0
2018-04-20 10:00,400445.0
2018-04-20 10:01,397449.0
2018-04-20 10:02,399824.0
2018-04-20 10:03,398591.0
2018-04-20 10:04,396091.0
2018-04-20 10:05,392971.0
2018-04-20 10:06,397471.0
2018-04-20 10:07,400301.0
2018-04-20 10:08,405120.0
2018-04-20 10:09,407610.0
2018-04-20 10:10,406164.0
2018-04-20 10:11,407164.0
2018-04-20 10:12,409864.0
2018-04-20 10:13,411067.0
2018-04-20 10:14,415057.0
2018-04-20 10:15,414757.0
2018-04-20 10:16,415659.0
2018-04-20 10:17,411818.0
2018-04-20 10:18,413730.0
2018-04-20 10:19,415956.0
2018-04-20 10:20,418050.0
2018-04-20 10:21,414525.0
2018-04-20 10:22,408565.0
2018-04-20 10:23,409056.0
2018-04-20 10:24,416092.0
2018-04-20 10:25,419469.0
2018-04-20 10:26,421219.0
2018-04-20 10:27,425169.0
2018-04-20 10:28,432412.0
2018-04-20 10:29,427388.0
2018-04-20 10:30,426788.0
2018-04-20 10:31,420488.0
2018-04-20 10:32,424403.0
2018-04-20 10:33,428703.0
2018-04-20 10:34,426111.0
2018-04-20 10:35,428411.0
2018-04-20 10:36,426911.0
2018-04-20 10:37,418006.0
2018-04-20 10:38,422652.0
2018-04-20 10:39,424291.0
2018-04-20 10:40,426941.0
2018-04-20 10:41,425441.0
2018-04-20 10:42,429341.0
2018-04-20 10:43,426166.0
2018-04-20 10:44,428766.0
2018-04-20 10:45,423641.0
2018-04-20 10:46,421291.0
2018-04-20 10:47,413048.0
2018-04-20 10:48,416263.0
2018-04-20 10:49,411663.0
2018-04-20 10:50,407246.0
2018-04-20 10:51,409846.0
2018-04-20 10:52,406006.0
2018-04-20 10:53,403406.0
2018-04-20 10:54,402206.0
2018-04-20 10:55,406793.0
2018-04-20 10:56,407493.0
2018-04-20 10:57,410340.0
2018-04-20 10:58,413540.0
2018-04-20 10:59,412716.0
2018-04-20 11:00,414287.0
2018-04-20 11:01,413687.0
2018-04-20 11:02,412576.0
2018-04-20 11:03,408930.0
2018-04-20 11:04,407480.0
2018-04-20 11:05,410165.0
2018-04-20 11:06,413773.0
2018-04-20 11:07,411202.0
2018-04-20 11:08,414939.0
2018-04-20 11:09,412061.0
2018-04-20 11:10,409747.0
2018-04-20 11:11,406047.0
2018-04-20 11:12,403394.0
2018-04-20 11:13,405933.0
2018-04-20 11:14,404633.0
2018-04-20 11:15,407621.0
2018-04-20 11:16,409339.0
2018-04-20 11:17,409939.0
2018-04-20 11:18,416111.0
2018-04-20 11:19,411175.0
2018-04-20 11:20,418136.0
2018-04-20 11:21,415736.0
2018-04-20 11:22,414636.0
2018-04-20 11:23,417227.0
2018-04-20 11:24,416527.0
2018-04-20 11:25,414327.0
2018-04-20 11:26,415727.0
2018-04-20 11:27,412587.0
2018-04-20 11:28,414957.0
2018-04-20 11:29,412616.0
2018-04-20 11:30,406652.0
2018-04-20 11:31,409252.0
2018-04-20 11:32,410762.0
2018-04-20 11:33,415408.0
2018-04-20 11:34,413268.0
2018-04-20 11:35,411459.0
2018-04-20 11:36,413523.0
2018-04-20 11:37,415323.0
2018-04-20 11:38,418019.0
2018-04-20 11:39,416945.0
2018-04-20 11:40,418245.0
2018-04-20 11:41,416575.0
2018-04-20 11:42,417475.0
2018-04-20 11:43,417075.0
2018-04-20 11:44,417975.0
2018-04-20 11:45,417075.0
2018-04-20 11:46,416475.0
2018-04-20 11:47,415676.0
2018-04-20 11:48,417933.0
2018-04-20 11:49,417333.0
2018-04-20 11:50,415637.0
2018-04-20 11:51,415537.0
2018-04-20 11:52,416937.0
2018-04-20 11:53,417537.0
2018-04-20 11:54,417137.0
2018-04-20 11:55,416837.0
2018-04-20 11:56,415937.0
2018-04-20 11:57,415137.0
2018-04-20 11:58,415662.0
2018-04-20 11:59,415162.0
2018-04-20 12:00,413576.0
2018-04-20 12:01,412276.0
2018-04-20 12:02,410755.0
2018-04-20 12:03,410155.0
2018-04-20 12:04,410555.0
2018-04-20 12:05,408555.0
2018-04-20 12:06,409355.0
2018-04-20 12:07,411255.0
2018-04-20 12:08,410505.0
2018-04-20 12:09,411110.0
2018-04-20 12:10,411710.0
2018-04-20 12:11,410960.0
2018-04-20 12:12,410352.0
2018-04-20 12:13,411352.0
2018-04-20 12:14,410952.0
2018-04-20 12:15,410252.0
2018-04-20 12:16,406812.0
2018-04-20 12:17,408362.0
2018-04-20 12:18,407522.0
2018-04-20 12:19,404335.0
2018-04-20 12:20,402835.0
2018-04-20 12:21,401393.0
2018-04-20 12:22,403093.0
2018-04-20 12:23,404034.0
2018-04-20 12:24,403283.0
2018-04-20 12:25,402633.0
2018-04-20 12:26,404133.0
2018-04-20 12:28,404883.0
2018-04-20 12:29,403883.0
2018-04-20 12:31,402683.0
2018-04-20 12:32,404270.0
2018-04-20 12:33,405791.0
2018-04-20 12:34,411415.0
2018-04-20 12:35,411615.0
2018-04-20 12:36,412315.0
2018-04-20 12:37,409832.0
2018-04-20 12:38,409232.0
2018-04-20 12:39,408732.0
2018-04-20 12:40,407735.0
2018-04-20 12:41,408435.0
2018-04-20 12:42,408757.0
2018-04-20 12:43,408002.0
2018-04-20 12:44,408102.0
2018-04-20 12:45,408002.0
2018-04-20 12:46,408702.0
2018-04-20 12:47,407670.0
2018-04-20 12:48,409397.0
2018-04-20 12:49,408647.0
2018-04-20 12:50,407646.0
2018-04-20 12:51,406791.0
2018-04-20 12:52,407091.0
2018-04-20 12:53,407491.0
2018-04-20 12:54,409550.0
2018-04-20 12:55,408250.0
2018-04-20 12:56,409050.0
2018-04-20 12:57,408650.0
2018-04-20 12:58,408251.0
2018-04-20 12:59,409551.0
2018-04-20 13:00,407351.0
2018-04-20 13:01,406051.0
2018-04-20 13:02,406501.0
2018-04-20 13:03,407901.0
2018-04-20 13:04,408440.0
2018-04-20 13:05,406140.0
2018-04-20 13:06,406940.0
2018-04-20 13:07,407440.0
2018-04-20 13:08,407972.0
2018-04-20 13:09,407372.0
2018-04-20 13:10,408272.0
2018-04-20 13:11,409976.0
2018-04-20 13:12,410176.0
2018-04-20 13:13,409876.0
2018-04-20 13:14,411287.0
2018-04-20 13:15,414799.0
2018-04-20 13:16,414599.0
2018-04-20 13:17,414299.0
2018-04-20 13:18,412279.0
2018-04-20 13:20,412079.0
2018-04-20 13:21,412379.0
2018-04-20 13:23,411079.0
2018-04-20 13:24,411279.0
2018-04-20 13:25,411479.0
2018-04-20 13:26,412178.0
2018-04-20 13:27,411578.0
2018-04-20 13:28,411778.0
2018-04-20 13:29,413257.0
2018-04-20 13:30,413557.0
2018-04-20 13:31,414157.0
2018-04-20 13:32,414257.0
2018-04-20 13:33,413907.0
2018-04-20 13:34,413607.0
2018-04-20 13:35,413107.0
2018-04-20 13:37,413307.0
2018-04-20 13:38,414707.0
2018-04-20 13:39,415107.0
2018-04-20 13:40,416468.0
2018-04-20 13:41,417185.0
2018-04-20 13:42,417915.0
2018-04-20 13:43,418015.0
2018-04-20 13:44,418455.0
2018-04-20 13:45,419525.0
2018-04-20 13:46,417792.0
2018-04-20 13:47,417678.0
2018-04-20 13:48,417148.0
2018-04-20 13:49,417898.0
2018-04-20 13:50,417598.0
2018-04-20 13:51,415572.0
2018-04-20 13:52,415972.0
2018-04-20 13:53,414172.0
2018-04-20 13:54,414972.0
2018-04-20 13:55,415272.0
2018-04-20 13:57,413970.0
2018-04-20 13:58,413066.0
2018-04-20 13:59,412707.0
2018-04-20 14:01,410984.0
2018-04-20 14:02,410553.0
2018-04-20 14:03,411453.0
2018-04-20 14:04,412707.0
2018-04-20 14:05,412907.0
2018-04-20 14:06,411205.0
2018-04-20 14:07,411505.0
2018-04-20 14:08,410963.0
2018-04-20 14:09,409216.0
2018-04-20 14:10,411628.0
2018-04-20 14:11,411428.0
2018-04-20 14:12,411128.0
2018-04-20 14:13,410628.0
2018-04-20 14:14,410828.0
2018-04-20 14:15,410528.0
2018-04-20 14:16,410728.0
2018-04-20 14:17,409911.0
2018-04-20 14:18,409311.0
2018-04-20 14:19,408511.0
2018-04-20 14:20,407295.0
2018-04-20 14:21,407195.0
2018-04-20 14:22,408495.0
2018-04-20 14:23,408795.0
2018-04-20 14:24,409695.0
2018-04-20 14:25,409895.0
2018-04-20 14:26,409095.0
2018-04-20 14:27,409872.0
2018-04-20 14:28,409172.0
2018-04-20 14:29,409507.0
2018-04-20 14:30,410450.0
2018-04-20 14:31,410049.0
2018-04-20 14:32,405557.0
2018-04-20 14:33,403957.0
2018-04-20 14:34,402924.0
2018-04-20 14:35,402124.0
2018-04-20 14:36,400424.0
2018-04-20 14:37,400024.0
2018-04-20 14:38,400524.0
2018-04-20 14:39,398022.0
2018-04-20 14:40,398822.0
2018-04-20 14:41,399622.0
2018-04-20 14:42,394210.0
2018-04-20 14:43,395110.0
2018-04-20 14:44,393910.0
2018-04-20 14:45,393410.0
2018-04-20 14:46,392946.0
2018-04-20 14:47,389335.0
2018-04-20 14:48,391533.0
2018-04-20 14:49,390933.0
2018-04-20 14:50,392873.0
2018-04-20 14:51,391873.0
2018-04-20 14:52,393473.0
2018-04-20 14:53,388819.0
2018-04-20 14:54,389919.0
2018-04-20 14:55,389119.0
2018-04-20 14:56,389819.0
2018-04-20 14:57,391041.0
2018-04-20 14:58,394641.0
2018-04-20 14:59,393641.0
2018-04-20 15:00,391741.0
2018-04-20 15:01,389841.0
2018-04-20 15:02,390341.0
2018-04-20 15:03,389641.0
2018-04-20 15:04,389966.0
2018-04-20 15:05,388937.0
2018-04-20 15:06,381957.0
2018-04-20 15:07,380442.0
2018-04-20 15:08,377979.0
2018-04-20 15:09,378679.0
2018-04-20 15:10,370794.0
2018-04-20 15:11,372098.0
2018-04-20 15:12,373372.0
2018-04-20 15:13,374205.0
2018-04-20 15:14,376456.0
2018-04-20 15:15,378526.0
2018-04-20 15:16,377034.0
2018-04-20 15:17,373730.0
2018-04-20 15:18,375162.0
2018-04-20 15:19,376468.0
2018-04-20 15:20,375868.0
2018-04-20 15:21,377668.0
2018-04-20 15:22,376203.0
2018-04-20 15:23,375898.0
2018-04-20 15:24,377081.0
2018-04-20 15:25,374348.0
2018-04-20 15:26,375848.0
2018-04-20 15:27,374048.0
2018-04-20 15:28,372563.0
2018-04-20 15:29,370823.0
2018-04-20 15:30,370023.0
2018-04-20 15:31,370923.0
2018-04-20 15:32,371923.0
2018-04-20 15:33,371423.0
2018-04-20 15:34,370123.0
2018-04-20 15:35,370726.0
2018-04-20 15:36,367326.0
2018-04-20 15:37,370679.0
2018-04-20 15:38,374807.0
2018-04-20 15:39,376811.0
2018-04-20 15:40,371994.0
2018-04-20 15:41,373194.0
2018-04-20 15:42,374094.0
2018-04-20 15:43,371844.0
2018-04-20 15:44,367756.0
2018-04-20 15:45,362576.0
2018-04-20 15:46,348348.0
2018-04-20 15:47,342910.0
2018-04-20 15:48,340794.0
2018-04-20 15:49,344205.0
2018-04-20 15:50,352021.0
2018-04-20 15:51,347321.0
2018-04-20 15:52,341349.0
2018-04-20 15:53,346297.0
2018-04-20 15:54,359226.0
2018-04-20 15:55,366994.0
2018-04-20 15:56,375978.0
2018-04-20 15:57,370593.0
2018-04-20 15:58,359748.0
2018-04-20 15:59,350875.0
2018-04-20 16:00,519643.0
