date,ROC
2018-04-09 10:30,1.5391
2018-04-09 10:31,1.4115
2018-04-09 10:32,1.4024
2018-04-09 10:33,1.563
2018-04-09 10:34,1.335
2018-04-09 10:35,1.2805
2018-04-09 10:36,1.2655
2018-04-09 10:37,0.912
2018-04-09 10:38,0.9099
2018-04-09 10:39,1.0294
2018-04-09 10:40,1.129
2018-04-09 10:41,0.9179
2018-04-09 10:42,0.9318
2018-04-09 10:43,0.9969
2018-04-09 10:44,0.8634
2018-04-09 10:45,0.7562
2018-04-09 10:46,0.4596
2018-04-09 10:47,0.3449
2018-04-09 10:48,-0.0379
2018-04-09 10:49,-0.0207
2018-04-09 10:50,-0.0198
2018-04-09 10:51,-0.1346
2018-04-09 10:52,-0.1438
2018-04-09 10:53,-0.1013
2018-04-09 10:54,-0.2679
2018-04-09 10:55,-0.4536
2018-04-09 10:56,-0.4194
2018-04-09 10:57,-0.2723
2018-04-09 10:58,0.0175
2018-04-09 10:59,-0.1984
2018-04-09 11:00,0.0585
2018-04-09 11:01,-0.2006
2018-04-09 11:02,-0.1363
2018-04-09 11:03,-0.0767
2018-04-09 11:04,-0.001
2018-04-09 11:05,-0.119
2018-04-09 11:06,-0.3635
2018-04-09 11:07,-0.277
2018-04-09 11:08,-0.1455
2018-04-09 11:09,-0.2091
2018-04-09 11:10,-0.1194
2018-04-09 11:11,-0.0719
2018-04-09 11:12,-0.0041
2018-04-09 11:13,-0.0787
2018-04-09 11:14,0.033
2018-04-09 11:15,0.1595
2018-04-09 11:16,0.0973
2018-04-09 11:17,-0.1489
2018-04-09 11:18,-0.0495
2018-04-09 11:19,-0.0146
2018-04-09 11:20,-0.1242
2018-04-09 11:21,-0.0757
2018-04-09 11:22,0.0932
2018-04-09 11:23,0.1388
2018-04-09 11:24,0.0403
2018-04-09 11:25,-0.0568
2018-04-09 11:26,-0.0039
2018-04-09 11:27,-0.0926
2018-04-09 11:28,-0.2463
2018-04-09 11:29,-0.3077
2018-04-09 11:30,-0.1569
2018-04-09 11:31,-0.0775
2018-04-09 11:32,-0.0859
2018-04-09 11:33,-0.0631
2018-04-09 11:34,0.0668
2018-04-09 11:35,0.1377
2018-04-09 11:36,0.1183
2018-04-09 11:37,0.0979
2018-04-09 11:38,0.0553
2018-04-09 11:39,0.0504
2018-04-09 11:40,-0.0417
2018-04-09 11:41,0.0756
2018-04-09 11:42,0.0999
2018-04-09 11:43,0.1057
2018-04-09 11:44,0.0805
2018-04-09 11:45,0.1169
2018-04-09 11:46,0.2336
2018-04-09 11:47,0.3521
2018-04-09 11:48,0.4312
2018-04-09 11:49,0.4593
2018-04-09 11:50,0.5303
2018-04-09 11:51,0.4268
2018-04-09 11:52,0.4063
2018-04-09 11:53,0.2675
2018-04-09 11:54,0.3646
2018-04-09 11:55,0.4835
2018-04-09 11:56,0.3581
2018-04-09 11:57,0.4048
2018-04-09 11:58,0.3702
2018-04-09 11:59,0.3812
2018-04-09 12:00,0.4685
2018-04-09 12:01,0.5671
2018-04-09 12:02,0.5647
2018-04-09 12:03,0.4174
2018-04-09 12:04,0.4815
2018-04-09 12:05,0.4831
2018-04-09 12:06,0.5445
2018-04-09 12:07,0.6061
2018-04-09 12:08,0.5935
2018-04-09 12:09,0.719
2018-04-09 12:10,0.7427
2018-04-09 12:11,0.724
2018-04-09 12:12,0.799
2018-04-09 12:13,0.7814
2018-04-09 12:14,0.6927
2018-04-09 12:15,0.6954
2018-04-09 12:16,0.7447
2018-04-09 12:17,0.664
2018-04-09 12:18,0.7207
2018-04-09 12:19,0.7019
2018-04-09 12:20,0.5853
2018-04-09 12:21,0.5438
2018-04-09 12:22,0.382
2018-04-09 12:23,0.3703
2018-04-09 12:25,0.5093
2018-04-09 12:26,0.5431
2018-04-09 12:27,0.4706
2018-04-09 12:29,0.4731
2018-04-09 12:30,0.6512
2018-04-09 12:31,0.5069
2018-04-09 12:32,0.3352
2018-04-09 12:33,0.2995
2018-04-09 12:34,0.1773
2018-04-09 12:35,0.2849
2018-04-09 12:36,0.2372
2018-04-09 12:37,0.2585
2018-04-09 12:38,0.3544
2018-04-09 12:39,0.2625
2018-04-09 12:40,0.2984
2018-04-09 12:41,0.1706
2018-04-09 12:42,0.317
2018-04-09 12:43,0.3324
2018-04-09 12:44,0.2596
2018-04-09 12:45,0.2872
2018-04-09 12:46,0.2819
2018-04-09 12:47,0.2784
2018-04-09 12:48,0.1886
2018-04-09 12:49,0.1798
2018-04-09 12:50,0.2591
2018-04-09 12:51,0.2726
2018-04-09 12:52,0.1641
2018-04-09 12:53,0.1507
2018-04-09 12:54,0.1328
2018-04-09 12:56,0.0589
2018-04-09 12:57,0.1024
2018-04-09 12:58,-0.0058
2018-04-09 12:59,0.118
2018-04-09 13:00,0.1315
2018-04-09 13:01,0.2239
2018-04-09 13:02,0.2904
2018-04-09 13:03,0.2511
2018-04-09 13:04,0.2607
2018-04-09 13:05,0.2057
2018-04-09 13:06,0.3326
2018-04-09 13:07,0.2773
2018-04-09 13:08,0.3574
2018-04-09 13:09,0.3884
2018-04-09 13:10,0.3278
2018-04-09 13:11,0.3655
2018-04-09 13:12,0.2235
2018-04-09 13:13,0.2567
2018-04-09 13:14,0.1428
2018-04-09 13:15,0.1649
2018-04-09 13:16,0.1157
2018-04-09 13:17,0.1368
2018-04-09 13:18,0.1476
2018-04-09 13:19,0.1167
2018-04-09 13:20,0.1908
2018-04-09 13:21,0.1032
2018-04-09 13:22,0.0429
2018-04-09 13:23,0.0882
2018-04-09 13:24,0.2077
2018-04-09 13:25,0.1391
2018-04-09 13:26,0.0985
2018-04-09 13:27,0.0619
2018-04-09 13:28,0.0039
2018-04-09 13:29,0.1439
2018-04-09 13:30,0.1503
2018-04-09 13:31,0.0227
2018-04-09 13:32,0.2705
2018-04-09 13:33,0.2769
2018-04-09 13:34,0.2397
2018-04-09 13:35,0.2214
2018-04-09 13:36,0.171
2018-04-09 13:37,0.0773
2018-04-09 13:38,-0.0203
2018-04-09 13:39,-0.0521
2018-04-09 13:40,0.0495
2018-04-09 13:41,-0.0386
2018-04-09 13:42,0.12
2018-04-09 13:43,-0.1556
2018-04-09 13:44,-0.2376
2018-04-09 13:45,-0.1355
2018-04-09 13:46,-0.1705
2018-04-09 13:47,-0.1207
2018-04-09 13:49,-0.0729
2018-04-09 13:50,-0.1187
2018-04-09 13:51,-0.0897
2018-04-09 13:52,-0.0858
2018-04-09 13:53,-0.1272
2018-04-09 13:54,-0.1224
2018-04-09 13:55,-0.082
2018-04-09 13:56,-0.1413
2018-04-09 13:57,-0.0145
2018-04-09 13:58,0.0333
2018-04-09 13:59,0.1522
2018-04-09 14:00,0.1816
2018-04-09 14:01,0.1332
2018-04-09 14:02,0.0386
2018-04-09 14:03,-0.0467
2018-04-09 14:04,-0.1431
2018-04-09 14:05,-0.2494
2018-04-09 14:06,-0.3441
2018-04-09 14:07,-0.4726
2018-04-09 14:08,-0.5083
2018-04-09 14:09,-0.5683
2018-04-09 14:10,-0.5871
2018-04-09 14:11,-0.6147
2018-04-09 14:12,-0.5893
2018-04-09 14:13,-0.5466
2018-04-09 14:14,-0.5178
2018-04-09 14:15,-0.4663
2018-04-09 14:16,-0.5324
2018-04-09 14:17,-0.4768
2018-04-09 14:18,-0.4257
2018-04-09 14:19,-0.4091
2018-04-09 14:20,-0.3203
2018-04-09 14:21,-0.4525
2018-04-09 14:22,-0.5636
2018-04-09 14:23,-0.4744
2018-04-09 14:24,-0.5127
2018-04-09 14:25,-0.5749
2018-04-09 14:26,-0.516
2018-04-09 14:28,-0.4375
2018-04-09 14:29,-0.4454
2018-04-09 14:30,-0.321
2018-04-09 14:31,-0.405
2018-04-09 14:32,-0.3748
2018-04-09 14:33,-0.2609
2018-04-09 14:34,-0.4654
2018-04-09 14:35,-0.3577
2018-04-09 14:36,-0.4599
2018-04-09 14:37,-0.4515
2018-04-09 14:38,-0.4833
2018-04-09 14:39,-0.4101
2018-04-09 14:40,-0.3419
2018-04-09 14:41,-0.4567
2018-04-09 14:42,-0.5526
2018-04-09 14:43,-0.4828
2018-04-09 14:44,-0.5715
2018-04-09 14:45,-0.4317
2018-04-09 14:46,-0.3785
2018-04-09 14:47,-0.4362
2018-04-09 14:48,-0.414
2018-04-09 14:49,-0.4942
2018-04-09 14:50,-0.5533
2018-04-09 14:51,-0.5615
2018-04-09 14:52,-0.5862
2018-04-09 14:53,-0.6033
2018-04-09 14:54,-0.6368
2018-04-09 14:55,-0.5414
2018-04-09 14:56,-0.5076
2018-04-09 14:57,-0.3733
2018-04-09 14:58,-0.3756
2018-04-09 14:59,-0.4385
2018-04-09 15:00,-0.4829
2018-04-09 15:01,-0.617
2018-04-09 15:02,-0.7077
2018-04-09 15:03,-0.7406
2018-04-09 15:05,-0.6979
2018-04-09 15:07,-0.6613
2018-04-09 15:08,-0.613
2018-04-09 15:09,-0.4332
2018-04-09 15:10,-0.4352
2018-04-09 15:11,-0.2464
2018-04-09 15:12,-0.4438
2018-04-09 15:14,-0.4542
2018-04-09 15:15,-0.6059
2018-04-09 15:16,-0.7056
2018-04-09 15:17,-0.6884
2018-04-09 15:18,-0.7624
2018-04-09 15:19,-0.7211
2018-04-09 15:20,-0.7579
2018-04-09 15:21,-0.8778
2018-04-09 15:22,-0.8493
2018-04-09 15:23,-1.0069
2018-04-09 15:24,-1.1036
2018-04-09 15:25,-0.8755
2018-04-09 15:26,-0.7838
2018-04-09 15:27,-0.7267
2018-04-09 15:28,-0.6676
2018-04-09 15:29,-0.6679
2018-04-09 15:30,-0.5255
2018-04-09 15:31,-0.5627
2018-04-09 15:32,-0.5684
2018-04-09 15:33,-0.5574
2018-04-09 15:34,-0.718
2018-04-09 15:35,-1.0639
2018-04-09 15:36,-1.1202
2018-04-09 15:37,-0.9642
2018-04-09 15:38,-1.043
2018-04-09 15:39,-0.9037
2018-04-09 15:40,-0.9544
2018-04-09 15:41,-0.8908
2018-04-09 15:42,-0.9516
2018-04-09 15:43,-1.0206
2018-04-09 15:44,-0.9049
2018-04-09 15:45,-0.7788
2018-04-09 15:46,-0.7262
2018-04-09 15:47,-0.6778
2018-04-09 15:48,-0.8173
2018-04-09 15:49,-0.8552
2018-04-09 15:50,-1.0729
2018-04-09 15:51,-1.1317
2018-04-09 15:52,-1.0186
2018-04-09 15:53,-1.072
2018-04-09 15:54,-1.1662
2018-04-09 15:55,-1.1579
2018-04-09 15:56,-1.2382
2018-04-09 15:57,-1.3775
2018-04-09 15:58,-1.468
2018-04-09 15:59,-1.5453
2018-04-09 16:00,-1.5593
2018-04-10 09:30,-0.5301
2018-04-10 09:31,-0.4909
2018-04-10 09:32,-1.3698
2018-04-10 09:33,-1.1806
2018-04-10 09:34,-1.4895
2018-04-10 09:35,-1.2435
2018-04-10 09:36,-1.2396
2018-04-10 09:37,-1.1557
2018-04-10 09:38,-0.9898
2018-04-10 09:39,-1.2578
2018-04-10 09:40,-1.2135
2018-04-10 09:41,-1.6834
2018-04-10 09:42,-1.4451
2018-04-10 09:43,-1.3722
2018-04-10 09:44,-1.3531
2018-04-10 09:45,-1.4129
2018-04-10 09:46,-1.1489
2018-04-10 09:47,-1.284
2018-04-10 09:48,-1.1553
2018-04-10 09:49,-1.0309
2018-04-10 09:50,-0.7186
2018-04-10 09:51,-0.8293
2018-04-10 09:52,-0.6408
2018-04-10 09:53,-0.9214
2018-04-10 09:54,-0.9647
2018-04-10 09:55,-0.9804
2018-04-10 09:56,-0.8419
2018-04-10 09:57,-0.696
2018-04-10 09:58,-0.7759
2018-04-10 09:59,-0.9025
2018-04-10 10:00,-0.8138
2018-04-10 10:01,-0.4845
2018-04-10 10:02,-0.6224
2018-04-10 10:03,-0.4784
2018-04-10 10:04,-0.0861
2018-04-10 10:05,-0.2186
2018-04-10 10:06,-0.3848
2018-04-10 10:07,-0.4048
2018-04-10 10:08,-0.4794
2018-04-10 10:09,-0.4515
2018-04-10 10:10,-0.4156
2018-04-10 10:11,-0.5474
2018-04-10 10:12,-0.3104
2018-04-10 10:13,-0.3626
2018-04-10 10:14,-0.3298
2018-04-10 10:15,-0.3847
2018-04-10 10:16,-0.3033
2018-04-10 10:17,-0.1247
2018-04-10 10:18,-0.2
2018-04-10 10:19,0.0884
2018-04-10 10:20,0.0727
2018-04-10 10:21,-0.137
2018-04-10 10:22,-0.0815
2018-04-10 10:23,0.0678
2018-04-10 10:24,0.2368
2018-04-10 10:25,0.2906
2018-04-10 10:26,0.5042
2018-04-10 10:27,0.518
2018-04-10 10:28,0.5803
2018-04-10 10:29,0.4461
2018-04-10 10:30,-0.6547
2018-04-10 10:31,-0.5926
2018-04-10 10:32,0.2575
2018-04-10 10:33,0.1689
2018-04-10 10:34,0.7126
2018-04-10 10:35,0.4692
2018-04-10 10:36,0.3224
2018-04-10 10:37,0.3154
2018-04-10 10:39,0.3483
2018-04-10 10:40,0.5518
2018-04-10 10:41,0.7008
2018-04-10 10:42,1.1138
2018-04-10 10:43,1.1101
2018-04-10 10:44,0.9871
2018-04-10 10:45,1.2216
2018-04-10 10:46,1.4253
2018-04-10 10:47,1.2065
2018-04-10 10:48,1.2997
2018-04-10 10:49,1.1037
2018-04-10 10:50,0.9657
2018-04-10 10:51,0.6196
2018-04-10 10:52,0.6316
2018-04-10 10:53,0.6705
2018-04-10 10:54,0.9399
2018-04-10 10:55,0.9157
2018-04-10 10:56,0.7919
2018-04-10 10:57,0.5109
2018-04-10 10:58,0.3676
2018-04-10 10:59,0.3895
2018-04-10 11:00,0.474
2018-04-10 11:01,0.5272
2018-04-10 11:02,0.2331
2018-04-10 11:03,0.3607
2018-04-10 11:04,0.2769
2018-04-10 11:05,0.2044
2018-04-10 11:06,0.2402
2018-04-10 11:07,0.2396
2018-04-10 11:08,0.3446
2018-04-10 11:09,0.2924
2018-04-10 11:10,0.4024
2018-04-10 11:11,0.3064
2018-04-10 11:12,0.3723
2018-04-10 11:13,0.2691
2018-04-10 11:14,0.3355
2018-04-10 11:15,0.4026
2018-04-10 11:16,0.3388
2018-04-10 11:17,0.4328
2018-04-10 11:18,0.3601
2018-04-10 11:19,0.4498
2018-04-10 11:20,0.2542
2018-04-10 11:21,0.5066
2018-04-10 11:22,0.5354
2018-04-10 11:23,0.5487
2018-04-10 11:24,0.567
2018-04-10 11:25,0.4373
2018-04-10 11:26,0.4275
2018-04-10 11:27,0.148
2018-04-10 11:28,0.1558
2018-04-10 11:29,0.1043
2018-04-10 11:30,0.2333
2018-04-10 11:31,0.3207
2018-04-10 11:32,0.3086
2018-04-10 11:34,0.4569
2018-04-10 11:35,0.3558
2018-04-10 11:36,0.3034
2018-04-10 11:37,0.3579
2018-04-10 11:38,0.4516
2018-04-10 11:39,0.3203
2018-04-10 11:40,0.2444
2018-04-10 11:41,0.3451
2018-04-10 11:42,0.2421
2018-04-10 11:43,0.1494
2018-04-10 11:44,-0.041
2018-04-10 11:45,-0.1055
2018-04-10 11:46,-0.4332
2018-04-10 11:47,-0.5079
2018-04-10 11:48,-0.4094
2018-04-10 11:49,-0.426
2018-04-10 11:50,-0.356
2018-04-10 11:51,-0.3728
2018-04-10 11:52,-0.2082
2018-04-10 11:53,-0.1623
2018-04-10 11:54,-0.1484
2018-04-10 11:55,-0.0723
2018-04-10 11:56,0.0447
2018-04-10 11:57,0.1502
2018-04-10 11:58,0.2488
2018-04-10 11:59,0.3585
2018-04-10 12:00,0.3723
2018-04-10 12:01,0.206
2018-04-10 12:02,0.1686
2018-04-10 12:03,0.0117
2018-04-10 12:04,-0.0588
2018-04-10 12:05,0.0552
2018-04-10 12:06,0.1596
2018-04-10 12:07,0.0658
2018-04-10 12:08,0.1982
2018-04-10 12:09,0.1027
2018-04-10 12:10,0.2769
2018-04-10 12:11,0.3201
2018-04-10 12:12,0.2516
2018-04-10 12:13,0.3656
2018-04-10 12:14,0.3267
2018-04-10 12:15,0.2266
2018-04-10 12:16,0.0479
2018-04-10 12:17,0.1184
2018-04-10 12:18,-0.0655
2018-04-10 12:19,0.0616
2018-04-10 12:20,0.001
2018-04-10 12:21,0.0543
2018-04-10 12:22,-0.0918
2018-04-10 12:23,0.0675
2018-04-10 12:24,-0.0039
2018-04-10 12:25,-0.0777
2018-04-10 12:26,-0.3826
2018-04-10 12:27,-0.5365
2018-04-10 12:28,-0.2632
2018-04-10 12:29,-0.2749
2018-04-10 12:30,-0.1766
2018-04-10 12:31,-0.1761
2018-04-10 12:32,-0.2586
2018-04-10 12:34,-0.1729
2018-04-10 12:35,-0.3426
2018-04-10 12:36,-0.2178
2018-04-10 12:37,-0.362
2018-04-10 12:38,-0.3961
2018-04-10 12:39,-0.3491
2018-04-10 12:40,-0.2773
2018-04-10 12:41,-0.3794
2018-04-10 12:42,-0.3702
2018-04-10 12:43,-0.3078
2018-04-10 12:44,-0.431
2018-04-10 12:45,-0.2909
2018-04-10 12:46,-0.2395
2018-04-10 12:47,0.0004
2018-04-10 12:48,-0.0901
2018-04-10 12:49,-0.1171
2018-04-10 12:50,0.0408
2018-04-10 12:51,-0.003
2018-04-10 12:52,0.0235
2018-04-10 12:53,-0.0411
2018-04-10 12:54,-0.0769
2018-04-10 12:55,-0.2347
2018-04-10 12:56,-0.1721
2018-04-10 12:57,-0.4578
2018-04-10 12:58,-0.3883
2018-04-10 12:59,-0.3756
2018-04-10 13:00,-0.5143
2018-04-10 13:01,-0.611
2018-04-10 13:02,-0.3502
2018-04-10 13:03,-0.4674
2018-04-10 13:04,-0.3058
2018-04-10 13:05,-0.3203
2018-04-10 13:06,-0.4336
2018-04-10 13:07,-0.4606
2018-04-10 13:08,-0.2622
2018-04-10 13:09,-0.3136
2018-04-10 13:10,-0.2766
2018-04-10 13:11,-0.4028
2018-04-10 13:12,-0.3815
2018-04-10 13:13,-0.2891
2018-04-10 13:14,-0.3236
2018-04-10 13:15,-0.3296
2018-04-10 13:16,-0.3219
2018-04-10 13:17,-0.2571
2018-04-10 13:18,-0.3114
2018-04-10 13:19,-0.3148
2018-04-10 13:20,-0.3733
2018-04-10 13:21,-0.3275
2018-04-10 13:22,-0.2343
2018-04-10 13:23,-0.2826
2018-04-10 13:24,-0.2961
2018-04-10 13:25,-0.2455
2018-04-10 13:26,-0.242
2018-04-10 13:27,-0.0627
2018-04-10 13:28,0.1364
2018-04-10 13:29,0.1668
2018-04-10 13:30,0.0804
2018-04-10 13:31,-0.0278
2018-04-10 13:32,-0.0666
2018-04-10 13:33,0.1654
2018-04-10 13:34,0.0822
2018-04-10 13:35,0.2781
2018-04-10 13:36,0.2046
2018-04-10 13:37,0.2672
2018-04-10 13:38,0.3521
2018-04-10 13:39,0.2457
2018-04-10 13:40,0.328
2018-04-10 13:41,0.2262
2018-04-10 13:42,0.1194
2018-04-10 13:43,0.0352
2018-04-10 13:44,0.2248
2018-04-10 13:45,0.1361
2018-04-10 13:46,0.1818
2018-04-10 13:47,0.1202
2018-04-10 13:48,0.3256
2018-04-10 13:49,0.277
2018-04-10 13:51,0.1775
2018-04-10 13:52,0.258
2018-04-10 13:53,0.2801
2018-04-10 13:54,0.3439
2018-04-10 13:55,0.3851
2018-04-10 13:56,0.4539
2018-04-10 13:57,0.4187
2018-04-10 13:58,0.5795
2018-04-10 13:59,0.6042
2018-04-10 14:00,0.6099
2018-04-10 14:01,0.5464
2018-04-10 14:02,0.6436
2018-04-10 14:03,0.4509
2018-04-10 14:04,0.4389
2018-04-10 14:05,0.4528
2018-04-10 14:06,0.4852
2018-04-10 14:07,0.6052
2018-04-10 14:08,0.6401
2018-04-10 14:09,0.6056
2018-04-10 14:10,0.6714
2018-04-10 14:11,0.6694
2018-04-10 14:12,0.9252
2018-04-10 14:13,0.7356
2018-04-10 14:14,0.7365
2018-04-10 14:15,0.7135
2018-04-10 14:16,0.7112
2018-04-10 14:17,0.785
2018-04-10 14:18,0.7478
2018-04-10 14:19,0.8002
2018-04-10 14:20,0.7023
2018-04-10 14:21,0.7151
2018-04-10 14:22,0.6637
2018-04-10 14:23,0.6679
2018-04-10 14:24,0.6815
2018-04-10 14:25,0.6189
2018-04-10 14:26,0.6563
2018-04-10 14:27,0.6685
2018-04-10 14:28,0.6481
2018-04-10 14:29,0.5636
2018-04-10 14:30,0.4065
2018-04-10 14:31,0.5439
2018-04-10 14:32,0.6318
2018-04-10 14:33,0.6236
2018-04-10 14:34,0.4812
2018-04-10 14:35,0.4438
2018-04-10 14:36,0.314
2018-04-10 14:37,0.1691
2018-04-10 14:38,0.1007
2018-04-10 14:39,-0.0849
2018-04-10 14:40,0.0985
2018-04-10 14:41,-0.1796
2018-04-10 14:42,-0.1026
2018-04-10 14:43,-0.0176
2018-04-10 14:44,0.0802
2018-04-10 14:45,0.0483
2018-04-10 14:46,0.2806
2018-04-10 14:47,0.2607
2018-04-10 14:48,0.2926
2018-04-10 14:49,0.1906
2018-04-10 14:50,0.0537
2018-04-10 14:51,0.089
2018-04-10 14:52,0.0376
2018-04-10 14:53,0.0918
2018-04-10 14:54,0.1384
2018-04-10 14:55,0.1879
2018-04-10 14:56,0.1752
2018-04-10 14:57,0.1712
2018-04-10 14:58,0.2311
2018-04-10 14:59,0.2271
2018-04-10 15:00,0.3119
2018-04-10 15:01,0.4425
2018-04-10 15:02,0.4862
2018-04-10 15:03,0.4167
2018-04-10 15:04,0.4103
2018-04-10 15:05,0.2293
2018-04-10 15:06,0.358
2018-04-10 15:07,0.3812
2018-04-10 15:08,0.2825
2018-04-10 15:09,0.3848
2018-04-10 15:10,0.5929
2018-04-10 15:11,0.592
2018-04-10 15:12,0.2369
2018-04-10 15:13,0.4468
2018-04-10 15:14,0.35
2018-04-10 15:15,0.4504
2018-04-10 15:16,0.4864
2018-04-10 15:17,0.35
2018-04-10 15:18,0.464
2018-04-10 15:19,0.6343
2018-04-10 15:20,0.8942
2018-04-10 15:21,0.8424
2018-04-10 15:22,0.9286
2018-04-10 15:23,0.7726
2018-04-10 15:24,0.5804
2018-04-10 15:25,0.5486
2018-04-10 15:26,0.5878
2018-04-10 15:27,0.4849
2018-04-10 15:28,0.5835
2018-04-10 15:29,0.6764
2018-04-10 15:30,0.8705
2018-04-10 15:31,0.7759
2018-04-10 15:32,0.6197
2018-04-10 15:33,0.5959
2018-04-10 15:34,0.5015
2018-04-10 15:35,0.3475
2018-04-10 15:36,0.4074
2018-04-10 15:37,0.5961
2018-04-10 15:38,0.6703
2018-04-10 15:39,0.7171
2018-04-10 15:40,0.6935
2018-04-10 15:41,0.9394
2018-04-10 15:42,1.1323
2018-04-10 15:43,1.0215
2018-04-10 15:44,0.9794
2018-04-10 15:45,0.8829
2018-04-10 15:46,0.7458
2018-04-10 15:47,0.7804
2018-04-10 15:48,0.8646
2018-04-10 15:49,0.9132
2018-04-10 15:50,1.0353
2018-04-10 15:51,1.0257
2018-04-10 15:52,1.0035
2018-04-10 15:53,0.9055
2018-04-10 15:54,0.7687
2018-04-10 15:55,0.6177
2018-04-10 15:56,0.5948
2018-04-10 15:57,0.4455
2018-04-10 15:58,0.2811
2018-04-10 15:59,0.3278
2018-04-10 16:00,0.2273
2018-04-11 09:30,-0.4382
2018-04-11 09:31,-0.2695
2018-04-11 09:32,-0.0039
2018-04-11 09:33,0.0719
2018-04-11 09:34,0.073
2018-04-11 09:35,-0.2041
2018-04-11 09:36,-0.2506
2018-04-11 09:37,-0.0321
2018-04-11 09:38,-0.0408
2018-04-11 09:39,-0.3136
2018-04-11 09:40,-0.3717
2018-04-11 09:41,-0.5243
2018-04-11 09:42,-0.785
2018-04-11 09:43,-0.5387
2018-04-11 09:44,-0.8705
2018-04-11 09:45,-0.8453
2018-04-11 09:46,-0.9002
2018-04-11 09:47,-0.9605
2018-04-11 09:48,-0.9894
2018-04-11 09:49,-1.3872
2018-04-11 09:50,-1.4139
2018-04-11 09:51,-1.3034
2018-04-11 09:52,-1.194
2018-04-11 09:53,-1.1397
2018-04-11 09:54,-1.0721
2018-04-11 09:55,-1.175
2018-04-11 09:56,-1.0659
2018-04-11 09:57,-1.1119
2018-04-11 09:58,-1.1308
2018-04-11 09:59,-1.0825
2018-04-11 10:00,-0.9334
2018-04-11 10:01,-0.8212
2018-04-11 10:02,-0.882
2018-04-11 10:03,-0.9607
2018-04-11 10:04,-0.8128
2018-04-11 10:05,-0.7572
2018-04-11 10:06,-0.9707
2018-04-11 10:07,-1.101
2018-04-11 10:08,-1.0544
2018-04-11 10:09,-1.0548
2018-04-11 10:10,-1.1214
2018-04-11 10:11,-1.283
2018-04-11 10:12,-1.2502
2018-04-11 10:13,-1.1973
2018-04-11 10:14,-1.1918
2018-04-11 10:15,-1.1781
2018-04-11 10:16,-1.1683
2018-04-11 10:17,-1.1242
2018-04-11 10:18,-1.2733
2018-04-11 10:19,-1.1715
2018-04-11 10:20,-1.1594
2018-04-11 10:21,-1.0245
2018-04-11 10:22,-1.0048
2018-04-11 10:23,-0.9077
2018-04-11 10:24,-0.7011
2018-04-11 10:25,-0.6431
2018-04-11 10:26,-0.4818
2018-04-11 10:27,-0.3186
2018-04-11 10:28,-0.3734
2018-04-11 10:29,-0.3524
2018-04-11 10:30,0.2445
2018-04-11 10:31,0.0195
2018-04-11 10:32,-0.0807
2018-04-11 10:33,-0.1914
2018-04-11 10:34,-0.0851
2018-04-11 10:35,0.113
2018-04-11 10:36,-0.0122
2018-04-11 10:37,-0.1914
2018-04-11 10:38,-0.366
2018-04-11 10:39,-0.2599
2018-04-11 10:40,-0.2788
2018-04-11 10:41,-0.0019
2018-04-11 10:42,0.138
2018-04-11 10:43,-0.0458
2018-04-11 10:44,0.2237
2018-04-11 10:45,0.2755
2018-04-11 10:46,0.3119
2018-04-11 10:47,0.2537
2018-04-11 10:48,0.0357
2018-04-11 10:49,0.2624
2018-04-11 10:50,0.3466
2018-04-11 10:51,0.1912
2018-04-11 10:52,0.1438
2018-04-11 10:53,0.1386
2018-04-11 10:54,0.1557
2018-04-11 10:55,0.0916
2018-04-11 10:56,0.087
2018-04-11 10:57,0.288
2018-04-11 10:58,0.1851
2018-04-11 10:59,0.0156
2018-04-11 11:00,-0.3134
2018-04-11 11:01,-0.3359
2018-04-11 11:02,-0.3596
2018-04-11 11:03,-0.291
2018-04-11 11:04,-0.1829
2018-04-11 11:05,-0.3927
2018-04-11 11:06,-0.2074
2018-04-11 11:07,-0.1372
2018-04-11 11:08,-0.0647
2018-04-11 11:09,-0.1772
2018-04-11 11:10,-0.1931
2018-04-11 11:11,-0.1743
2018-04-11 11:12,-0.196
2018-04-11 11:13,-0.1694
2018-04-11 11:14,-0.1822
2018-04-11 11:15,-0.2923
2018-04-11 11:16,-0.2811
2018-04-11 11:17,-0.3669
2018-04-11 11:18,-0.2997
2018-04-11 11:19,-0.5218
2018-04-11 11:20,-0.5279
2018-04-11 11:21,-0.6904
2018-04-11 11:22,-0.5812
2018-04-11 11:23,-0.5938
2018-04-11 11:24,-0.7733
2018-04-11 11:25,-0.6804
2018-04-11 11:26,-0.7544
2018-04-11 11:27,-0.7604
2018-04-11 11:28,-0.7588
2018-04-11 11:29,-0.7592
2018-04-11 11:30,-0.727
2018-04-11 11:31,-0.7194
2018-04-11 11:32,-0.8083
2018-04-11 11:33,-0.6998
2018-04-11 11:34,-0.7307
2018-04-11 11:35,-0.7609
2018-04-11 11:36,-0.6637
2018-04-11 11:37,-0.5111
2018-04-11 11:38,-0.4286
2018-04-11 11:39,-0.5152
2018-04-11 11:40,-0.2738
2018-04-11 11:41,-0.2036
2018-04-11 11:42,-0.148
2018-04-11 11:43,-0.1413
2018-04-11 11:44,-0.1296
2018-04-11 11:45,-0.2283
2018-04-11 11:46,-0.0921
2018-04-11 11:47,-0.0434
2018-04-11 11:48,0.0976
2018-04-11 11:49,0.1884
2018-04-11 11:50,0.1574
2018-04-11 11:51,0.1269
2018-04-11 11:52,0.1602
2018-04-11 11:53,0.2866
2018-04-11 11:54,0.3824
2018-04-11 11:55,0.5041
2018-04-11 11:56,0.3309
2018-04-11 11:57,0.0668
2018-04-11 11:58,0.1173
2018-04-11 11:59,0.045
2018-04-11 12:00,0.2576
2018-04-11 12:01,0.3742
2018-04-11 12:02,0.6199
2018-04-11 12:03,0.6852
2018-04-11 12:04,0.6995
2018-04-11 12:05,0.8768
2018-04-11 12:06,0.8306
2018-04-11 12:07,0.7473
2018-04-11 12:08,0.7406
2018-04-11 12:09,0.7757
2018-04-11 12:10,0.8096
2018-04-11 12:11,0.8673
2018-04-11 12:12,1.0113
2018-04-11 12:13,0.8249
2018-04-11 12:15,0.9355
2018-04-11 12:16,0.8465
2018-04-11 12:17,0.9046
2018-04-11 12:18,0.9408
2018-04-11 12:19,0.8565
2018-04-11 12:21,0.9619
2018-04-11 12:23,0.8491
2018-04-11 12:24,1.0148
2018-04-11 12:25,0.9639
2018-04-11 12:26,0.8242
2018-04-11 12:27,0.9769
2018-04-11 12:28,0.7214
2018-04-11 12:29,0.736
2018-04-11 12:30,0.6501
2018-04-11 12:31,0.6638
2018-04-11 12:32,0.6116
2018-04-11 12:33,0.6764
2018-04-11 12:34,0.7188
2018-04-11 12:35,0.6786
2018-04-11 12:36,0.5636
2018-04-11 12:37,0.6787
2018-04-11 12:38,0.5408
2018-04-11 12:39,0.624
2018-04-11 12:40,0.3571
2018-04-11 12:41,0.363
2018-04-11 12:42,0.4139
2018-04-11 12:43,0.2423
2018-04-11 12:44,0.1923
2018-04-11 12:45,0.156
2018-04-11 12:46,0.0329
2018-04-11 12:47,-0.0732
2018-04-11 12:48,0.0259
2018-04-11 12:49,-0.0292
2018-04-11 12:50,0.0624
2018-04-11 12:51,0.0
2018-04-11 12:52,-0.1943
2018-04-11 12:53,-0.2719
2018-04-11 12:54,-0.2545
2018-04-11 12:55,-0.2375
2018-04-11 12:56,-0.178
2018-04-11 12:57,-0.2046
2018-04-11 12:58,-0.2571
2018-04-11 12:59,-0.1658
2018-04-11 13:00,-0.2971
2018-04-11 13:01,-0.2031
2018-04-11 13:02,-0.084
2018-04-11 13:03,-0.1104
2018-04-11 13:04,-0.2325
2018-04-11 13:05,-0.2792
2018-04-11 13:06,-0.36
2018-04-11 13:07,-0.563
2018-04-11 13:08,-0.6592
2018-04-11 13:09,-0.6021
2018-04-11 13:10,-0.4047
2018-04-11 13:11,-0.5073
2018-04-11 13:12,-0.5566
2018-04-11 13:13,-0.5695
2018-04-11 13:14,-0.6209
2018-04-11 13:15,-0.7854
2018-04-11 13:16,-0.5458
2018-04-11 13:17,-0.6011
2018-04-11 13:18,-0.3876
2018-04-11 13:19,-0.4088
2018-04-11 13:20,-0.3853
2018-04-11 13:21,-0.2362
2018-04-11 13:22,-0.1919
2018-04-11 13:23,-0.0916
2018-04-11 13:24,-0.2978
2018-04-11 13:25,-0.2657
2018-04-11 13:26,-0.1817
2018-04-11 13:27,-0.4292
2018-04-11 13:28,-0.3206
2018-04-11 13:29,-0.2328
2018-04-11 13:30,-0.376
2018-04-11 13:31,-0.3127
2018-04-11 13:32,-0.452
2018-04-11 13:33,-0.6115
2018-04-11 13:34,-0.5968
2018-04-11 13:35,-0.431
2018-04-11 13:36,-0.3938
2018-04-11 13:37,-0.4481
2018-04-11 13:38,-0.337
2018-04-11 13:39,-0.3464
2018-04-11 13:40,-0.2223
2018-04-11 13:41,-0.2223
2018-04-11 13:42,-0.303
2018-04-11 13:43,-0.3216
2018-04-11 13:44,-0.3722
2018-04-11 13:45,-0.433
2018-04-11 13:46,-0.3041
2018-04-11 13:47,-0.1719
2018-04-11 13:48,-0.2644
2018-04-11 13:49,-0.1625
2018-04-11 13:50,-0.2418
2018-04-11 13:51,-0.2009
2018-04-11 13:52,-0.1041
2018-04-11 13:54,-0.0029
2018-04-11 13:55,0.0315
2018-04-11 13:56,0.1315
2018-04-11 13:57,0.1935
2018-04-11 13:58,0.1552
2018-04-11 13:59,0.2012
2018-04-11 14:00,0.2418
2018-04-11 14:01,0.6089
2018-04-11 14:02,0.4911
2018-04-11 14:03,0.4303
2018-04-11 14:04,0.4939
2018-04-11 14:05,0.5608
2018-04-11 14:06,0.4696
2018-04-11 14:07,0.4636
2018-04-11 14:08,0.4107
2018-04-11 14:09,0.3024
2018-04-11 14:10,0.1732
2018-04-11 14:11,0.1506
2018-04-11 14:12,0.183
2018-04-11 14:13,0.4149
2018-04-11 14:14,0.4611
2018-04-11 14:15,0.3732
2018-04-11 14:16,0.5241
2018-04-11 14:17,0.3561
2018-04-11 14:18,0.411
2018-04-11 14:19,0.3363
2018-04-11 14:20,0.4144
2018-04-11 14:21,0.3135
2018-04-11 14:22,0.2318
2018-04-11 14:23,0.1766
2018-04-11 14:24,0.1463
2018-04-11 14:25,0.3045
2018-04-11 14:26,0.2674
2018-04-11 14:27,0.2611
2018-04-11 14:28,0.2466
2018-04-11 14:30,0.1447
2018-04-11 14:31,0.188
2018-04-11 14:32,0.3242
2018-04-11 14:33,0.3244
2018-04-11 14:35,0.4287
2018-04-11 14:36,0.4825
2018-04-11 14:37,0.4618
2018-04-11 14:38,0.3947
2018-04-11 14:39,0.4139
2018-04-11 14:40,0.3112
2018-04-11 14:41,0.4325
2018-04-11 14:42,0.3168
2018-04-11 14:44,0.1085
2018-04-11 14:45,0.0733
2018-04-11 14:46,0.0248
2018-04-11 14:47,0.0655
2018-04-11 14:48,0.1907
2018-04-11 14:49,0.2324
2018-04-11 14:50,0.2398
2018-04-11 14:51,0.1419
2018-04-11 14:52,0.0954
2018-04-11 14:53,-0.0362
2018-04-11 14:54,-0.0259
2018-04-11 14:55,-0.086
2018-04-11 14:56,0.0987
2018-04-11 14:57,0.1205
2018-04-11 14:58,0.1435
2018-04-11 14:59,0.0293
2018-04-11 15:00,-0.1175
2018-04-11 15:01,-0.2066
2018-04-11 15:02,-0.1754
2018-04-11 15:03,-0.2256
2018-04-11 15:04,-0.3272
2018-04-11 15:05,-0.3071
2018-04-11 15:06,-0.257
2018-04-11 15:07,-0.2482
2018-04-11 15:08,-0.3541
2018-04-11 15:09,-0.3979
2018-04-11 15:10,-0.4614
2018-04-11 15:11,-0.3449
2018-04-11 15:12,-0.2274
2018-04-11 15:13,-0.083
2018-04-11 15:14,-0.1289
2018-04-11 15:15,-0.0371
2018-04-11 15:16,-0.4259
2018-04-11 15:17,-0.4395
2018-04-11 15:18,-0.3881
2018-04-11 15:19,-0.4464
2018-04-11 15:20,-0.3665
2018-04-11 15:21,-0.5164
2018-04-11 15:22,-0.5096
2018-04-11 15:23,-0.6599
2018-04-11 15:24,-0.628
2018-04-11 15:25,-0.581
2018-04-11 15:26,-0.5289
2018-04-11 15:27,-0.4908
2018-04-11 15:28,-0.5704
2018-04-11 15:29,-0.6384
2018-04-11 15:30,-0.6182
2018-04-11 15:31,-0.3369
2018-04-11 15:32,-0.2401
2018-04-11 15:33,-0.3299
2018-04-11 15:34,-0.2763
2018-04-11 15:35,-0.3584
2018-04-11 15:36,-0.3099
2018-04-11 15:37,-0.1955
2018-04-11 15:38,-0.2549
2018-04-11 15:39,-0.2874
2018-04-11 15:40,-0.2251
2018-04-11 15:41,-0.1268
2018-04-11 15:42,-0.2504
2018-04-11 15:43,-0.1564
2018-04-11 15:44,-0.0556
2018-04-11 15:45,0.0068
2018-04-11 15:46,0.0482
2018-04-11 15:47,0.0264
2018-04-11 15:48,-0.0439
2018-04-11 15:49,-0.1367
2018-04-11 15:50,-0.246
2018-04-11 15:51,-0.2257
2018-04-11 15:52,-0.2223
2018-04-11 15:53,-0.2523
2018-04-11 15:54,-0.2273
2018-04-11 15:55,-0.2327
2018-04-11 15:56,-0.4746
2018-04-11 15:57,-0.5469
2018-04-11 15:58,-0.6239
2018-04-11 15:59,-0.5282
2018-04-11 16:00,-0.4222
2018-04-12 09:30,0.1309
2018-04-12 09:31,-0.041
2018-04-12 09:32,-0.065
2018-04-12 09:33,-0.2389
2018-04-12 09:34,-0.0581
2018-04-12 09:35,-0.2362
2018-04-12 09:36,0.0
2018-04-12 09:37,-0.1103
2018-04-12 09:38,0.0547
2018-04-12 09:39,0.22
2018-04-12 09:40,0.2151
2018-04-12 09:41,0.2494
2018-04-12 09:42,0.4146
2018-04-12 09:43,0.6923
2018-04-12 09:44,0.7427
2018-04-12 09:45,0.8486
2018-04-12 09:46,0.9554
2018-04-12 09:47,0.9613
2018-04-12 09:48,0.8252
2018-04-12 09:49,0.7181
2018-04-12 09:50,0.7845
2018-04-12 09:51,0.8315
2018-04-12 09:53,0.8779
2018-04-12 09:54,0.9181
2018-04-12 09:55,0.8822
2018-04-12 09:56,0.7657
2018-04-12 09:57,0.8505
2018-04-12 09:58,1.0328
2018-04-12 09:59,1.1175
2018-04-12 10:00,1.1991
2018-04-12 10:01,1.1889
2018-04-12 10:02,1.2109
2018-04-12 10:03,1.0885
2018-04-12 10:04,0.9979
2018-04-12 10:05,0.9883
2018-04-12 10:06,0.9506
2018-04-12 10:07,1.018
2018-04-12 10:08,1.0302
2018-04-12 10:09,1.0279
2018-04-12 10:10,1.0138
2018-04-12 10:11,1.1614
2018-04-12 10:12,1.1105
2018-04-12 10:13,1.0098
2018-04-12 10:14,1.1104
2018-04-12 10:15,1.0915
2018-04-12 10:16,1.2548
2018-04-12 10:17,1.2601
2018-04-12 10:18,1.2394
2018-04-12 10:19,1.329
2018-04-12 10:20,1.5189
2018-04-12 10:21,1.7145
2018-04-12 10:22,1.8178
2018-04-12 10:23,1.9406
2018-04-12 10:24,1.8627
2018-04-12 10:25,1.8045
2018-04-12 10:26,1.6729
2018-04-12 10:27,1.7767
2018-04-12 10:28,1.822
2018-04-12 10:29,1.7715
2018-04-12 10:30,1.803
2018-04-12 10:31,1.2495
2018-04-12 10:32,1.3262
2018-04-12 10:33,1.41
2018-04-12 10:34,1.4941
2018-04-12 10:35,1.3674
2018-04-12 10:36,1.6076
2018-04-12 10:37,1.3512
2018-04-12 10:38,1.4665
2018-04-12 10:39,1.3765
2018-04-12 10:40,1.3547
2018-04-12 10:41,1.2498
2018-04-12 10:42,1.3041
2018-04-12 10:43,1.1724
2018-04-12 10:44,0.9196
2018-04-12 10:45,0.8871
2018-04-12 10:46,0.8725
2018-04-12 10:47,0.6991
2018-04-12 10:48,0.6734
2018-04-12 10:49,0.8716
2018-04-12 10:50,0.882
2018-04-12 10:51,0.9494
2018-04-12 10:52,0.8178
2018-04-12 10:53,0.9353
2018-04-12 10:54,0.833
2018-04-12 10:55,0.8293
2018-04-12 10:56,0.7726
2018-04-12 10:57,0.5405
2018-04-12 10:58,0.344
2018-04-12 10:59,0.3221
2018-04-12 11:00,0.2342
2018-04-12 11:01,0.203
2018-04-12 11:02,0.2202
2018-04-12 11:03,0.2641
2018-04-12 11:04,0.3464
2018-04-12 11:05,0.3349
2018-04-12 11:06,0.3713
2018-04-12 11:07,0.1509
2018-04-12 11:08,0.237
2018-04-12 11:09,0.2137
2018-04-12 11:10,0.3297
2018-04-12 11:11,0.2617
2018-04-12 11:12,0.2714
2018-04-12 11:13,0.2348
2018-04-12 11:14,0.2502
2018-04-12 11:16,0.3023
2018-04-12 11:17,0.2373
2018-04-12 11:18,0.2277
2018-04-12 11:19,0.2954
2018-04-12 11:20,0.23
2018-04-12 11:21,0.1764
2018-04-12 11:22,0.0476
2018-04-12 11:23,-0.1549
2018-04-12 11:24,-0.1208
2018-04-12 11:25,-0.0366
2018-04-12 11:26,0.0549
2018-04-12 11:27,0.2561
2018-04-12 11:28,0.1398
2018-04-12 11:29,0.2093
2018-04-12 11:30,0.1504
2018-04-12 11:31,0.0087
2018-04-12 11:32,0.1021
2018-04-12 11:33,0.1234
2018-04-12 11:34,0.1159
2018-04-12 11:35,0.1523
2018-04-12 11:36,0.0564
2018-04-12 11:37,-0.0687
2018-04-12 11:38,-0.0943
2018-04-12 11:39,0.0546
2018-04-12 11:40,0.025
2018-04-12 11:41,-0.0243
2018-04-12 11:42,0.0655
2018-04-12 11:43,0.0032
2018-04-12 11:45,-0.0606
2018-04-12 11:46,-0.1511
2018-04-12 11:47,-0.3591
2018-04-12 11:48,-0.3031
2018-04-12 11:49,-0.2359
2018-04-12 11:50,-0.3135
2018-04-12 11:51,-0.3722
2018-04-12 11:52,-0.3437
2018-04-12 11:53,-0.5673
2018-04-12 11:54,-0.5231
2018-04-12 11:55,-0.6457
2018-04-12 11:56,-0.6031
2018-04-12 11:57,-0.5114
2018-04-12 11:58,-0.3385
2018-04-12 11:59,-0.166
2018-04-12 12:00,-0.0734
2018-04-12 12:01,0.0101
2018-04-12 12:02,0.0029
2018-04-12 12:03,0.0627
2018-04-12 12:04,-0.062
2018-04-12 12:05,-0.0526
2018-04-12 12:06,-0.084
2018-04-12 12:07,-0.0727
2018-04-12 12:08,-0.1023
2018-04-12 12:09,-0.0714
2018-04-12 12:10,-0.1052
2018-04-12 12:11,-0.2056
2018-04-12 12:12,-0.4404
2018-04-12 12:13,-0.5123
2018-04-12 12:14,-0.3834
2018-04-12 12:15,-0.2565
2018-04-12 12:16,-0.2797
2018-04-12 12:17,-0.3924
2018-04-12 12:18,-0.5827
2018-04-12 12:19,-0.4605
2018-04-12 12:20,-0.5455
2018-04-12 12:21,-0.4148
2018-04-12 12:22,-0.4802
2018-04-12 12:23,-0.5104
2018-04-12 12:24,-0.3555
2018-04-12 12:25,-0.3967
2018-04-12 12:26,-0.4099
2018-04-12 12:27,-0.4587
2018-04-12 12:28,-0.3681
2018-04-12 12:29,-0.3669
2018-04-12 12:30,-0.4731
2018-04-12 12:31,-0.3871
2018-04-12 12:32,-0.3351
2018-04-12 12:33,-0.3541
2018-04-12 12:34,-0.4004
2018-04-12 12:35,-0.3285
2018-04-12 12:36,-0.4158
2018-04-12 12:38,-0.25
2018-04-12 12:39,-0.3047
2018-04-12 12:40,-0.2939
2018-04-12 12:41,-0.3784
2018-04-12 12:42,-0.3658
2018-04-12 12:43,-0.3737
2018-04-12 12:44,-0.4295
2018-04-12 12:45,-0.3563
2018-04-12 12:46,-0.3075
2018-04-12 12:47,-0.2627
2018-04-12 12:48,-0.0164
2018-04-12 12:49,-0.0251
2018-04-12 12:50,0.0251
2018-04-12 12:51,0.1715
2018-04-12 12:52,0.1082
2018-04-12 12:53,0.2058
2018-04-12 12:54,0.3927
2018-04-12 12:55,0.399
2018-04-12 12:57,0.4024
2018-04-12 12:58,0.3888
2018-04-12 13:00,0.3833
2018-04-12 13:01,0.388
2018-04-12 13:03,0.3094
2018-04-12 13:04,0.2725
2018-04-12 13:05,0.1564
2018-04-12 13:06,0.2434
2018-04-12 13:07,0.0444
2018-04-12 13:08,0.128
2018-04-12 13:09,0.1492
2018-04-12 13:10,-0.1051
2018-04-12 13:11,-0.0527
2018-04-12 13:12,-0.0561
2018-04-12 13:13,0.1015
2018-04-12 13:14,0.0754
2018-04-12 13:15,0.1721
2018-04-12 13:16,0.0518
2018-04-12 13:17,-0.0165
2018-04-12 13:18,-0.0184
2018-04-12 13:20,-0.0483
2018-04-12 13:21,-0.107
2018-04-12 13:22,-0.0049
2018-04-12 13:23,0.1074
2018-04-12 13:24,-0.1717
2018-04-12 13:25,-0.0996
2018-04-12 13:26,-0.2049
2018-04-12 13:27,-0.2013
2018-04-12 13:28,-0.325
2018-04-12 13:29,-0.4119
2018-04-12 13:30,-0.4833
2018-04-12 13:31,-0.573
2018-04-12 13:32,-0.3508
2018-04-12 13:33,-0.427
2018-04-12 13:34,-0.3291
2018-04-12 13:35,-0.2654
2018-04-12 13:36,-0.2011
2018-04-12 13:37,-0.1793
2018-04-12 13:38,-0.1702
2018-04-12 13:39,-0.0252
2018-04-12 13:40,-0.058
2018-04-12 13:41,-0.0764
2018-04-12 13:42,-0.1579
2018-04-12 13:43,-0.0594
2018-04-12 13:44,0.0454
2018-04-12 13:45,0.0638
2018-04-12 13:46,0.03
2018-04-12 13:47,-0.0522
2018-04-12 13:48,0.0058
2018-04-12 13:49,-0.0715
2018-04-12 13:51,-0.1417
2018-04-12 13:52,-0.0043
2018-04-12 13:53,-0.2123
2018-04-12 13:54,-0.1766
2018-04-12 13:57,-0.2046
2018-04-12 13:58,-0.3371
2018-04-12 13:59,-0.2654
2018-04-12 14:00,-0.3413
2018-04-12 14:01,-0.3551
2018-04-12 14:03,-0.3125
2018-04-12 14:04,-0.2387
2018-04-12 14:05,-0.1737
2018-04-12 14:06,-0.2874
2018-04-12 14:07,-0.3133
2018-04-12 14:08,-0.302
2018-04-12 14:09,-0.2419
2018-04-12 14:10,-0.2525
2018-04-12 14:11,-0.2293
2018-04-12 14:12,-0.2034
2018-04-12 14:13,-0.123
2018-04-12 14:14,-0.0868
2018-04-12 14:16,0.23
2018-04-12 14:17,0.1333
2018-04-12 14:18,0.1953
2018-04-12 14:19,0.1207
2018-04-12 14:20,0.1661
2018-04-12 14:21,0.2293
2018-04-12 14:22,0.4271
2018-04-12 14:23,0.5625
2018-04-12 14:24,0.443
2018-04-12 14:25,0.3984
2018-04-12 14:26,0.3376
2018-04-12 14:27,0.3229
2018-04-12 14:28,0.3413
2018-04-12 14:29,0.5133
2018-04-12 14:31,0.5557
2018-04-12 14:32,0.5239
2018-04-12 14:33,0.5215
2018-04-12 14:34,0.7141
2018-04-12 14:35,0.7311
2018-04-12 14:36,0.7625
2018-04-12 14:37,0.7532
2018-04-12 14:38,0.5767
2018-04-12 14:39,0.588
2018-04-12 14:40,0.6267
2018-04-12 14:41,0.5837
2018-04-12 14:42,0.4349
2018-04-12 14:43,0.4003
2018-04-12 14:44,0.2797
2018-04-12 14:45,0.1363
2018-04-12 14:46,0.0503
2018-04-12 14:47,0.1828
2018-04-12 14:48,0.1074
2018-04-12 14:49,0.1025
2018-04-12 14:50,-0.028
2018-04-12 14:51,0.0462
2018-04-12 14:52,0.0792
2018-04-12 14:53,0.19
2018-04-12 14:54,0.1992
2018-04-12 14:55,0.2176
2018-04-12 14:56,0.2467
2018-04-12 14:57,0.1097
2018-04-12 14:58,0.266
2018-04-12 14:59,0.2698
2018-04-12 15:00,0.2881
2018-04-12 15:01,0.4452
2018-04-12 15:02,0.4848
2018-04-12 15:03,0.4663
2018-04-12 15:04,0.4499
2018-04-12 15:05,0.4132
2018-04-12 15:06,0.2631
2018-04-12 15:07,0.1334
2018-04-12 15:08,0.1774
2018-04-12 15:09,0.1006
2018-04-12 15:10,0.1105
2018-04-12 15:11,0.0502
2018-04-12 15:12,0.087
2018-04-12 15:13,-0.0152
2018-04-12 15:14,0.0898
2018-04-12 15:15,0.0589
2018-04-12 15:16,0.0039
2018-04-12 15:17,-0.0969
2018-04-12 15:19,0.0318
2018-04-12 15:20,0.0303
2018-04-12 15:21,0.0482
2018-04-12 15:22,0.026
2018-04-12 15:23,-0.0424
2018-04-12 15:24,-0.001
2018-04-12 15:25,-0.1136
2018-04-12 15:26,-0.0951
2018-04-12 15:27,-0.0376
2018-04-12 15:28,0.036
2018-04-12 15:29,0.0327
2018-04-12 15:30,0.0309
2018-04-12 15:31,0.0395
2018-04-12 15:32,-0.0805
2018-04-12 15:33,0.0
2018-04-12 15:34,-0.0405
2018-04-12 15:35,-0.1464
2018-04-12 15:36,-0.0697
2018-04-12 15:37,-0.0381
2018-04-12 15:38,0.0241
2018-04-12 15:39,0.0843
2018-04-12 15:40,0.1065
2018-04-12 15:41,0.0176
2018-04-12 15:42,0.0
2018-04-12 15:43,0.0029
2018-04-12 15:44,-0.107
2018-04-12 15:45,-0.1529
2018-04-12 15:46,-0.1564
2018-04-12 15:47,-0.1555
2018-04-12 15:48,-0.2509
2018-04-12 15:49,-0.2087
2018-04-12 15:50,-0.0164
2018-04-12 15:51,-0.1092
2018-04-12 15:52,-0.2615
2018-04-12 15:53,-0.1979
2018-04-12 15:54,-0.2331
2018-04-12 15:55,-0.2726
2018-04-12 15:56,-0.2548
2018-04-12 15:57,-0.3088
2018-04-12 15:58,-0.3345
2018-04-12 15:59,-0.4187
2018-04-12 16:00,-0.4282
2018-04-13 09:30,0.3577
2018-04-13 09:31,0.2837
2018-04-13 09:32,0.2965
2018-04-13 09:33,0.3966
2018-04-13 09:34,0.422
2018-04-13 09:35,0.4934
2018-04-13 09:36,0.4918
2018-04-13 09:37,0.5884
2018-04-13 09:38,0.546
2018-04-13 09:39,0.6394
2018-04-13 09:40,0.7417
2018-04-13 09:41,0.9965
2018-04-13 09:42,0.9366
2018-04-13 09:43,1.0486
2018-04-13 09:44,0.8054
2018-04-13 09:45,0.7119
2018-04-13 09:46,0.7728
2018-04-13 09:47,0.8255
2018-04-13 09:48,0.7531
2018-04-13 09:49,0.5914
2018-04-13 09:50,0.5778
2018-04-13 09:51,0.5406
2018-04-13 09:52,0.49
2018-04-13 09:53,0.4846
2018-04-13 09:54,0.4877
2018-04-13 09:55,0.4022
2018-04-13 09:56,0.3103
2018-04-13 09:57,0.1491
2018-04-13 09:58,0.1229
2018-04-13 09:59,0.21
2018-04-13 10:00,0.2283
2018-04-13 10:01,0.2029
2018-04-13 10:02,0.1912
2018-04-13 10:03,0.2348
2018-04-13 10:04,0.302
2018-04-13 10:05,0.1295
2018-04-13 10:06,0.2353
2018-04-13 10:07,0.2083
2018-04-13 10:08,0.178
2018-04-13 10:09,-0.1083
2018-04-13 10:10,-0.0991
2018-04-13 10:11,-0.0684
2018-04-13 10:12,-0.0984
2018-04-13 10:13,0.0869
2018-04-13 10:14,0.2478
2018-04-13 10:15,0.3892
2018-04-13 10:16,0.6139
2018-04-13 10:17,0.7318
2018-04-13 10:18,0.6865
2018-04-13 10:19,0.5605
2018-04-13 10:20,0.5934
2018-04-13 10:21,0.5769
2018-04-13 10:22,0.5571
2018-04-13 10:23,0.3841
2018-04-13 10:24,0.4747
2018-04-13 10:25,0.3289
2018-04-13 10:26,0.3307
2018-04-13 10:27,0.3066
2018-04-13 10:28,0.1127
2018-04-13 10:29,0.106
2018-04-13 10:30,-0.7147
2018-04-13 10:31,-0.7768
2018-04-13 10:32,-0.9437
2018-04-13 10:33,-0.8632
2018-04-13 10:34,-0.6562
2018-04-13 10:35,-0.7566
2018-04-13 10:36,-0.6987
2018-04-13 10:37,-0.7462
2018-04-13 10:38,-0.7048
2018-04-13 10:39,-0.7016
2018-04-13 10:40,-0.9385
2018-04-13 10:41,-1.0159
2018-04-13 10:42,-0.9833
2018-04-13 10:43,-0.9287
2018-04-13 10:44,-0.6343
2018-04-13 10:45,-0.7509
2018-04-13 10:46,-0.8099
2018-04-13 10:47,-0.7632
2018-04-13 10:48,-0.7628
2018-04-13 10:49,-0.4686
2018-04-13 10:50,-0.5275
2018-04-13 10:51,-0.4701
2018-04-13 10:52,-0.4104
2018-04-13 10:53,-0.4429
2018-04-13 10:54,-0.4934
2018-04-13 10:55,-0.4142
2018-04-13 10:56,-0.4304
2018-04-13 10:57,-0.2848
2018-04-13 10:58,-0.2136
2018-04-13 10:59,-0.471
2018-04-13 11:00,-0.3888
2018-04-13 11:01,-0.6846
2018-04-13 11:02,-0.8524
2018-04-13 11:03,-0.7672
2018-04-13 11:04,-0.8532
2018-04-13 11:05,-0.8621
2018-04-13 11:06,-0.8779
2018-04-13 11:07,-0.689
2018-04-13 11:08,-0.7002
2018-04-13 11:09,-0.3077
2018-04-13 11:10,-0.292
2018-04-13 11:11,-0.3
2018-04-13 11:12,-0.2809
2018-04-13 11:13,-0.3944
2018-04-13 11:14,-0.4761
2018-04-13 11:15,-0.5466
2018-04-13 11:16,-0.6323
2018-04-13 11:17,-0.6757
2018-04-13 11:18,-0.5452
2018-04-13 11:19,-0.6698
2018-04-13 11:20,-0.6389
2018-04-13 11:21,-0.536
2018-04-13 11:22,-0.631
2018-04-13 11:23,-0.4945
2018-04-13 11:24,-0.3862
2018-04-13 11:25,-0.2141
2018-04-13 11:26,-0.1424
2018-04-13 11:27,-0.0868
2018-04-13 11:28,-0.0347
2018-04-13 11:29,-0.0183
2018-04-13 11:30,0.0281
2018-04-13 11:31,0.0668
2018-04-13 11:32,0.2384
2018-04-13 11:34,0.0639
2018-04-13 11:35,-0.1323
2018-04-13 11:36,-0.1527
2018-04-13 11:37,-0.0077
2018-04-13 11:38,-0.1866
2018-04-13 11:39,-0.2408
2018-04-13 11:40,-0.2213
2018-04-13 11:41,-0.2632
2018-04-13 11:42,-0.4176
2018-04-13 11:43,-0.3738
2018-04-13 11:44,-0.4398
2018-04-13 11:45,-0.5405
2018-04-13 11:46,-0.3389
2018-04-13 11:47,-0.36
2018-04-13 11:48,-0.4296
2018-04-13 11:49,-0.5102
2018-04-13 11:50,-0.6476
2018-04-13 11:51,-0.6849
2018-04-13 11:52,-0.685
2018-04-13 11:53,-0.7183
2018-04-13 11:54,-0.7213
2018-04-13 11:55,-0.7322
2018-04-13 11:56,-0.623
2018-04-13 11:57,-0.5065
2018-04-13 11:58,-0.4188
2018-04-13 11:59,-0.4338
2018-04-13 12:01,-0.1845
2018-04-13 12:02,-0.2454
2018-04-13 12:03,0.0678
2018-04-13 12:04,0.1969
2018-04-13 12:06,0.1483
2018-04-13 12:07,0.1659
2018-04-13 12:08,0.1963
2018-04-13 12:09,0.0248
2018-04-13 12:10,-0.1473
2018-04-13 12:11,-0.1765
2018-04-13 12:12,-0.3919
2018-04-13 12:13,-0.3594
2018-04-13 12:14,-0.2429
2018-04-13 12:15,-0.1433
2018-04-13 12:16,-0.1864
2018-04-13 12:18,-0.1559
2018-04-13 12:20,-0.1408
2018-04-13 12:22,-0.1423
2018-04-13 12:23,-0.15
2018-04-13 12:24,-0.2567
2018-04-13 12:25,-0.2177
2018-04-13 12:26,-0.1906
2018-04-13 12:27,-0.2765
2018-04-13 12:28,-0.2594
2018-04-13 12:29,-0.1308
2018-04-13 12:30,-0.1944
2018-04-13 12:31,-0.3324
2018-04-13 12:32,-0.3396
2018-04-13 12:33,-0.333
2018-04-13 12:34,-0.0963
2018-04-13 12:35,-0.1872
2018-04-13 12:36,-0.238
2018-04-13 12:37,-0.2034
2018-04-13 12:38,-0.3636
2018-04-13 12:39,-0.3288
2018-04-13 12:40,-0.324
2018-04-13 12:41,-0.23
2018-04-13 12:42,-0.3624
2018-04-13 12:46,-0.1744
2018-04-13 12:47,-0.1124
2018-04-13 12:48,-0.2722
2018-04-13 12:49,-0.0708
2018-04-13 12:50,-0.0533
2018-04-13 12:51,-0.0236
2018-04-13 12:53,-0.0751
2018-04-13 12:54,-0.1036
2018-04-13 12:55,-0.1945
2018-04-13 12:57,-0.0886
2018-04-13 12:58,-0.0523
2018-04-13 12:59,0.0405
2018-04-13 13:00,0.0673
2018-04-13 13:01,0.1108
2018-04-13 13:02,0.0909
2018-04-13 13:03,0.0398
2018-04-13 13:04,0.0951
2018-04-13 13:06,0.2525
2018-04-13 13:08,0.1377
2018-04-13 13:09,0.1406
2018-04-13 13:10,0.0751
2018-04-13 13:11,-0.0068
2018-04-13 13:12,-0.0861
2018-04-13 13:13,-0.1519
2018-04-13 13:14,-0.1403
2018-04-13 13:15,-0.0905
2018-04-13 13:16,-0.0281
2018-04-13 13:17,-0.0126
2018-04-13 13:18,0.0853
2018-04-13 13:19,0.2064
2018-04-13 13:20,0.1689
2018-04-13 13:21,0.232
2018-04-13 13:22,0.3167
2018-04-13 13:23,0.339
2018-04-13 13:24,0.2386
2018-04-13 13:25,0.2181
2018-04-13 13:26,0.3322
2018-04-13 13:27,0.338
2018-04-13 13:28,0.3854
2018-04-13 13:29,0.2723
2018-04-13 13:30,0.2626
2018-04-13 13:31,0.2923
2018-04-13 13:32,0.2434
2018-04-13 13:33,0.2923
2018-04-13 13:34,0.2656
2018-04-13 13:35,0.3751
2018-04-13 13:36,0.2915
2018-04-13 13:37,0.0775
2018-04-13 13:38,0.2376
2018-04-13 13:40,0.2205
2018-04-13 13:41,0.2875
2018-04-13 13:42,0.2437
2018-04-13 13:43,0.3054
2018-04-13 13:46,0.2618
2018-04-13 13:47,0.285
2018-04-13 13:48,0.4086
2018-04-13 13:49,0.3163
2018-04-13 13:50,0.3181
2018-04-13 13:51,0.3644
2018-04-13 13:52,0.4229
2018-04-13 13:53,0.6016
2018-04-13 13:54,0.6371
2018-04-13 13:55,0.7829
2018-04-13 13:56,0.7107
2018-04-13 13:57,0.7205
2018-04-13 13:58,0.5414
2018-04-13 13:59,0.5498
2018-04-13 14:00,0.5575
2018-04-13 14:01,0.6132
2018-04-13 14:02,0.4978
2018-04-13 14:03,0.4661
2018-04-13 14:04,0.5129
2018-04-13 14:05,0.4418
2018-04-13 14:06,0.4116
2018-04-13 14:07,0.4137
2018-04-13 14:08,0.5224
2018-04-13 14:09,0.4739
2018-04-13 14:10,0.4199
2018-04-13 14:11,0.4966
2018-04-13 14:12,0.4357
2018-04-13 14:13,0.4323
2018-04-13 14:14,0.4968
2018-04-13 14:16,0.3766
2018-04-13 14:17,0.2761
2018-04-13 14:18,0.2829
2018-04-13 14:19,0.2732
2018-04-13 14:20,0.2305
2018-04-13 14:21,0.2437
2018-04-13 14:22,0.3746
2018-04-13 14:23,0.1692
2018-04-13 14:24,0.3289
2018-04-13 14:25,0.2934
2018-04-13 14:26,0.2266
2018-04-13 14:27,0.1747
2018-04-13 14:28,0.2196
2018-04-13 14:29,0.0745
2018-04-13 14:30,0.0372
2018-04-13 14:31,-0.0536
2018-04-13 14:32,-0.1053
2018-04-13 14:33,-0.0455
2018-04-13 14:34,0.1198
2018-04-13 14:35,0.1228
2018-04-13 14:37,0.1625
2018-04-13 14:39,-0.0131
2018-04-13 14:41,0.0532
2018-04-13 14:42,-0.0604
2018-04-13 14:43,0.0073
2018-04-13 14:45,0.1026
2018-04-13 14:46,0.1383
2018-04-13 14:47,0.2588
2018-04-13 14:48,0.1097
2018-04-13 14:50,-0.0275
2018-04-13 14:51,-0.087
2018-04-13 14:52,-0.0435
2018-04-13 14:53,-0.124
2018-04-13 14:54,-0.128
2018-04-13 14:55,-0.0203
2018-04-13 14:56,-0.2217
2018-04-13 14:57,-0.2967
2018-04-13 14:58,-0.4028
2018-04-13 14:59,-0.5286
2018-04-13 15:00,-0.5503
2018-04-13 15:01,-0.6853
2018-04-13 15:02,-0.7009
2018-04-13 15:03,-0.8772
2018-04-13 15:04,-0.71
2018-04-13 15:05,-0.8892
2018-04-13 15:06,-1.0115
2018-04-13 15:07,-0.8852
2018-04-13 15:08,-0.9059
2018-04-13 15:09,-0.845
2018-04-13 15:10,-0.9573
2018-04-13 15:11,-0.9222
2018-04-13 15:12,-0.7536
2018-04-13 15:13,-0.781
2018-04-13 15:14,-0.8563
2018-04-13 15:15,-0.8112
2018-04-13 15:16,-0.894
2018-04-13 15:17,-1.0559
2018-04-13 15:18,-1.0721
2018-04-13 15:19,-1.2023
2018-04-13 15:20,-1.3134
2018-04-13 15:21,-1.1064
2018-04-13 15:22,-0.9534
2018-04-13 15:23,-0.9024
2018-04-13 15:24,-0.984
2018-04-13 15:25,-1.0347
2018-04-13 15:26,-1.0036
2018-04-13 15:27,-1.1271
2018-04-13 15:28,-1.0325
2018-04-13 15:29,-1.2007
2018-04-13 15:30,-1.1469
2018-04-13 15:31,-1.1236
2018-04-13 15:32,-1.1188
2018-04-13 15:33,-1.1161
2018-04-13 15:34,-0.9231
2018-04-13 15:35,-0.8572
2018-04-13 15:36,-0.8599
2018-04-13 15:37,-0.7984
2018-04-13 15:38,-0.8808
2018-04-13 15:39,-1.0966
2018-04-13 15:40,-0.9176
2018-04-13 15:41,-0.7503
2018-04-13 15:42,-0.6903
2018-04-13 15:43,-0.5154
2018-04-13 15:44,-0.5001
2018-04-13 15:45,-0.5967
2018-04-13 15:46,-0.5425
2018-04-13 15:47,-0.6897
2018-04-13 15:48,-0.8149
2018-04-13 15:49,-0.6876
2018-04-13 15:50,-0.5665
2018-04-13 15:51,-0.43
2018-04-13 15:52,-0.4005
2018-04-13 15:53,-0.2424
2018-04-13 15:54,-0.2367
2018-04-13 15:55,-0.3782
2018-04-13 15:56,-0.336
2018-04-13 15:57,-0.2685
2018-04-13 15:58,-0.1561
2018-04-13 15:59,-0.2366
2018-04-13 16:00,-0.2025
2018-04-16 09:30,0.6337
2018-04-16 09:31,0.7117
2018-04-16 09:32,0.7465
2018-04-16 09:33,0.8258
2018-04-16 09:34,0.8076
2018-04-16 09:35,0.8665
2018-04-16 09:36,0.5779
2018-04-16 09:37,0.4128
2018-04-16 09:38,0.4018
2018-04-16 09:39,0.5217
2018-04-16 09:40,0.5676
2018-04-16 09:41,0.2674
2018-04-16 09:42,-0.0666
2018-04-16 09:43,0.1343
2018-04-16 09:44,0.2265
2018-04-16 09:45,0.3021
2018-04-16 09:46,0.5046
2018-04-16 09:47,0.5906
2018-04-16 09:48,0.7036
2018-04-16 09:49,0.7109
2018-04-16 09:50,0.4888
2018-04-16 09:51,0.2575
2018-04-16 09:52,0.1882
2018-04-16 09:53,0.2566
2018-04-16 09:54,0.2821
2018-04-16 09:55,0.4393
2018-04-16 09:56,0.3554
2018-04-16 09:57,0.3917
2018-04-16 09:58,0.4779
2018-04-16 09:59,0.3975
2018-04-16 10:00,0.6796
2018-04-16 10:01,0.7136
2018-04-16 10:02,0.6776
2018-04-16 10:03,0.7341
2018-04-16 10:04,0.6565
2018-04-16 10:05,0.8195
2018-04-16 10:06,0.7278
2018-04-16 10:07,0.7814
2018-04-16 10:08,0.8208
2018-04-16 10:09,0.7322
2018-04-16 10:10,0.6334
2018-04-16 10:11,0.665
2018-04-16 10:12,0.4495
2018-04-16 10:13,0.4502
2018-04-16 10:14,0.4602
2018-04-16 10:15,0.3987
2018-04-16 10:16,0.4873
2018-04-16 10:17,0.4368
2018-04-16 10:19,0.2703
2018-04-16 10:20,0.3277
2018-04-16 10:21,0.3104
2018-04-16 10:22,0.2778
2018-04-16 10:24,0.3154
2018-04-16 10:25,0.3269
2018-04-16 10:26,0.334
2018-04-16 10:27,0.4882
2018-04-16 10:28,0.5656
2018-04-16 10:29,0.6838
2018-04-16 10:30,0.7951
2018-04-16 10:31,0.7452
2018-04-16 10:32,-0.0029
2018-04-16 10:33,-0.1282
2018-04-16 10:34,-0.1418
2018-04-16 10:35,-0.2794
2018-04-16 10:36,-0.166
2018-04-16 10:37,-0.0642
2018-04-16 10:38,0.1819
2018-04-16 10:39,0.3733
2018-04-16 10:40,0.3585
2018-04-16 10:41,0.1966
2018-04-16 10:42,0.1113
2018-04-16 10:43,0.2797
2018-04-16 10:44,0.6159
2018-04-16 10:45,0.477
2018-04-16 10:46,0.4241
2018-04-16 10:47,0.3173
2018-04-16 10:48,0.1615
2018-04-16 10:49,0.0756
2018-04-16 10:50,-0.0329
2018-04-16 10:51,0.0513
2018-04-16 10:52,0.2048
2018-04-16 10:53,0.466
2018-04-16 10:54,0.6189
2018-04-16 10:55,0.8506
2018-04-16 10:56,0.7554
2018-04-16 10:57,0.641
2018-04-16 10:58,0.7733
2018-04-16 10:59,0.8018
2018-04-16 11:00,0.6575
2018-04-16 11:01,0.7198
2018-04-16 11:02,0.4673
2018-04-16 11:03,0.4166
2018-04-16 11:04,0.3268
2018-04-16 11:05,0.1012
2018-04-16 11:06,0.1036
2018-04-16 11:07,0.0174
2018-04-16 11:08,0.029
2018-04-16 11:09,0.0784
2018-04-16 11:10,0.0465
2018-04-16 11:11,-0.1277
2018-04-16 11:12,-0.1658
2018-04-16 11:13,-0.3724
2018-04-16 11:14,-0.2531
2018-04-16 11:15,-0.3543
2018-04-16 11:16,-0.2833
2018-04-16 11:17,-0.2605
2018-04-16 11:18,-0.1558
2018-04-16 11:19,-0.0542
2018-04-16 11:20,0.0941
2018-04-16 11:21,0.0663
2018-04-16 11:22,0.062
2018-04-16 11:23,0.0436
2018-04-16 11:24,-0.1016
2018-04-16 11:25,-0.1087
2018-04-16 11:26,-0.0948
2018-04-16 11:27,-0.1384
2018-04-16 11:28,-0.2001
2018-04-16 11:29,-0.3632
2018-04-16 11:30,-0.324
2018-04-16 11:31,-0.384
2018-04-16 11:32,-0.3645
2018-04-16 11:33,-0.2674
2018-04-16 11:34,-0.191
2018-04-16 11:35,-0.2445
2018-04-16 11:36,-0.1644
2018-04-16 11:37,-0.1469
2018-04-16 11:38,-0.2539
2018-04-16 11:39,-0.1652
2018-04-16 11:40,-0.2674
2018-04-16 11:41,-0.1401
2018-04-16 11:42,-0.1073
2018-04-16 11:43,-0.1482
2018-04-16 11:44,-0.0754
2018-04-16 11:45,-0.03
2018-04-16 11:47,-0.1942
2018-04-16 11:48,-0.1112
2018-04-16 11:49,0.0274
2018-04-16 11:50,-0.0184
2018-04-16 11:51,0.2113
2018-04-16 11:52,0.1061
2018-04-16 11:53,0.0804
2018-04-16 11:54,0.097
2018-04-16 11:55,-0.1339
2018-04-16 11:56,-0.3503
2018-04-16 11:57,-0.2415
2018-04-16 11:58,-0.2926
2018-04-16 11:59,-0.2722
2018-04-16 12:00,-0.2809
2018-04-16 12:01,-0.086
2018-04-16 12:02,-0.1623
2018-04-16 12:03,-0.1024
2018-04-16 12:04,-0.0409
2018-04-16 12:05,0.0058
2018-04-16 12:06,0.12
2018-04-16 12:07,0.0764
2018-04-16 12:08,0.0914
2018-04-16 12:09,0.1181
2018-04-16 12:10,0.0851
2018-04-16 12:11,0.15
2018-04-16 12:12,0.1845
2018-04-16 12:13,0.291
2018-04-16 12:14,0.5417
2018-04-16 12:15,0.5171
2018-04-16 12:16,0.5899
2018-04-16 12:17,0.5681
2018-04-16 12:18,0.5632
2018-04-16 12:19,0.3839
2018-04-16 12:20,0.3295
2018-04-16 12:21,0.3154
2018-04-16 12:22,0.1962
2018-04-16 12:23,0.1349
2018-04-16 12:25,0.1983
2018-04-16 12:26,0.1903
2018-04-16 12:27,0.1591
2018-04-16 12:28,0.2799
2018-04-16 12:29,0.285
2018-04-16 12:30,0.1971
2018-04-16 12:31,0.2469
2018-04-16 12:32,0.2143
2018-04-16 12:33,0.2877
2018-04-16 12:35,0.1984
2018-04-16 12:36,0.1384
2018-04-16 12:37,0.0825
2018-04-16 12:38,0.1569
2018-04-16 12:39,0.2208
2018-04-16 12:40,0.181
2018-04-16 12:41,0.2304
2018-04-16 12:42,0.2351
2018-04-16 12:43,0.2982
2018-04-16 12:44,0.2984
2018-04-16 12:45,0.2359
2018-04-16 12:46,0.3506
2018-04-16 12:47,0.39
2018-04-16 12:48,0.3907
2018-04-16 12:49,0.485
2018-04-16 12:50,0.488
2018-04-16 12:51,0.4741
2018-04-16 12:52,0.6124
2018-04-16 12:53,0.5514
2018-04-16 12:54,0.6063
2018-04-16 12:55,0.6297
2018-04-16 12:56,0.5783
2018-04-16 12:57,0.6693
2018-04-16 12:58,0.6891
2018-04-16 12:59,0.691
2018-04-16 13:00,0.6407
2018-04-16 13:01,0.6815
2018-04-16 13:02,0.6611
2018-04-16 13:03,0.5484
2018-04-16 13:04,0.5717
2018-04-16 13:05,0.5889
2018-04-16 13:06,0.5681
2018-04-16 13:07,0.6679
2018-04-16 13:08,0.6687
2018-04-16 13:09,0.6671
2018-04-16 13:10,0.7226
2018-04-16 13:11,0.6913
2018-04-16 13:12,0.6938
2018-04-16 13:13,0.6628
2018-04-16 13:14,0.7748
2018-04-16 13:15,0.7116
2018-04-16 13:16,0.7174
2018-04-16 13:17,0.6496
2018-04-16 13:18,0.653
2018-04-16 13:19,0.5992
2018-04-16 13:20,0.5595
2018-04-16 13:21,0.6274
2018-04-16 13:22,0.5974
2018-04-16 13:23,0.6012
2018-04-16 13:24,0.6032
2018-04-16 13:25,0.6028
2018-04-16 13:26,0.5868
2018-04-16 13:27,0.5113
2018-04-16 13:28,0.5263
2018-04-16 13:29,0.4746
2018-04-16 13:31,0.5044
2018-04-16 13:32,0.5171
2018-04-16 13:33,0.4545
2018-04-16 13:34,0.4127
2018-04-16 13:35,0.3514
2018-04-16 13:36,0.4495
2018-04-16 13:37,0.4977
2018-04-16 13:38,0.5977
2018-04-16 13:39,0.5967
2018-04-16 13:40,0.5445
2018-04-16 13:41,0.568
2018-04-16 13:42,0.5109
2018-04-16 13:43,0.3861
2018-04-16 13:44,0.4169
2018-04-16 13:45,0.4407
2018-04-16 13:46,0.5346
2018-04-16 13:47,0.4591
2018-04-16 13:48,0.3972
2018-04-16 13:49,0.3362
2018-04-16 13:50,0.314
2018-04-16 13:51,0.3334
2018-04-16 13:52,0.3014
2018-04-16 13:53,0.2084
2018-04-16 13:54,0.1592
2018-04-16 13:55,0.2581
2018-04-16 13:56,0.1506
2018-04-16 13:57,0.0808
2018-04-16 13:58,0.0846
2018-04-16 13:59,0.0534
2018-04-16 14:00,0.0851
2018-04-16 14:01,0.1896
2018-04-16 14:02,0.1231
2018-04-16 14:03,0.0654
2018-04-16 14:04,0.0346
2018-04-16 14:05,-0.024
2018-04-16 14:06,-0.1163
2018-04-16 14:07,-0.1456
2018-04-16 14:08,-0.192
2018-04-16 14:09,-0.2145
2018-04-16 14:10,-0.1703
2018-04-16 14:11,-0.1652
2018-04-16 14:13,-0.1837
2018-04-16 14:14,-0.1919
2018-04-16 14:15,-0.2447
2018-04-16 14:16,-0.2935
2018-04-16 14:17,-0.2809
2018-04-16 14:18,-0.3068
2018-04-16 14:19,-0.2815
2018-04-16 14:20,-0.3027
2018-04-16 14:21,-0.2025
2018-04-16 14:23,-0.1762
2018-04-16 14:24,-0.255
2018-04-16 14:25,-0.2031
2018-04-16 14:26,-0.2871
2018-04-16 14:27,-0.2361
2018-04-16 14:28,-0.171
2018-04-16 14:29,-0.2171
2018-04-16 14:30,-0.1231
2018-04-16 14:31,-0.0982
2018-04-16 14:32,-0.0272
2018-04-16 14:33,-0.0317
2018-04-16 14:34,-0.0361
2018-04-16 14:35,0.0317
2018-04-16 14:36,0.1125
2018-04-16 14:37,0.152
2018-04-16 14:38,0.1285
2018-04-16 14:39,0.1144
2018-04-16 14:40,0.1207
2018-04-16 14:41,0.1425
2018-04-16 14:42,0.0485
2018-04-16 14:43,-0.072
2018-04-16 14:44,-0.0639
2018-04-16 14:45,-0.0115
2018-04-16 14:46,0.0038
2018-04-16 14:47,-0.0216
2018-04-16 14:48,0.0024
2018-04-16 14:49,0.0441
2018-04-16 14:50,-0.0101
2018-04-16 14:51,-0.0101
2018-04-16 14:52,-0.0005
2018-04-16 14:53,0.0269
2018-04-16 14:54,-0.048
2018-04-16 14:55,-0.023
2018-04-16 14:56,-0.0365
2018-04-16 14:57,-0.1392
2018-04-16 14:58,-0.0116
2018-04-16 14:59,0.0094
2018-04-16 15:00,0.0662
2018-04-16 15:01,0.0798
2018-04-16 15:02,0.1201
2018-04-16 15:03,0.1066
2018-04-16 15:04,0.0326
2018-04-16 15:05,0.0899
2018-04-16 15:06,0.1361
2018-04-16 15:07,0.0933
2018-04-16 15:08,0.0847
2018-04-16 15:09,0.0982
2018-04-16 15:10,0.05
2018-04-16 15:11,0.0827
2018-04-16 15:12,0.1032
2018-04-16 15:13,0.005
2018-04-16 15:14,0.0269
2018-04-16 15:15,-0.0163
2018-04-16 15:16,0.0548
2018-04-16 15:17,0.0029
2018-04-16 15:18,-0.1375
2018-04-16 15:19,-0.1212
2018-04-16 15:20,-0.0969
2018-04-16 15:21,-0.0549
2018-04-16 15:22,-0.2366
2018-04-16 15:23,-0.2366
2018-04-16 15:24,-0.2074
2018-04-16 15:25,-0.2559
2018-04-16 15:26,-0.2032
2018-04-16 15:27,-0.1081
2018-04-16 15:28,-0.2139
2018-04-16 15:29,-0.1683
2018-04-16 15:30,-0.0919
2018-04-16 15:31,-0.1025
2018-04-16 15:32,-0.108
2018-04-16 15:33,-0.1606
2018-04-16 15:34,-0.1702
2018-04-16 15:35,-0.1614
2018-04-16 15:36,-0.1806
2018-04-16 15:37,-0.2171
2018-04-16 15:38,-0.2486
2018-04-16 15:39,-0.1681
2018-04-16 15:40,-0.2122
2018-04-16 15:41,-0.2421
2018-04-16 15:42,-0.2142
2018-04-16 15:43,-0.1029
2018-04-16 15:44,-0.0187
2018-04-16 15:45,0.0644
2018-04-16 15:46,-0.053
2018-04-16 15:47,-0.0776
2018-04-16 15:48,-0.1988
2018-04-16 15:49,-0.1997
2018-04-16 15:50,-0.1608
2018-04-16 15:51,-0.1359
2018-04-16 15:52,-0.0965
2018-04-16 15:53,-0.1315
2018-04-16 15:54,-0.146
2018-04-16 15:55,-0.1105
2018-04-16 15:56,-0.0879
2018-04-16 15:57,-0.0894
2018-04-16 15:58,-0.1469
2018-04-16 15:59,-0.2141
2018-04-16 16:00,-0.2971
2018-04-17 09:30,1.1094
2018-04-17 09:31,1.1355
2018-04-17 09:32,0.7532
2018-04-17 09:33,0.7689
2018-04-17 09:34,0.8281
2018-04-17 09:35,0.8849
2018-04-17 09:36,1.1049
2018-04-17 09:37,1.2078
2018-04-17 09:38,1.2492
2018-04-17 09:39,1.3385
2018-04-17 09:40,1.5111
2018-04-17 09:41,1.571
2018-04-17 09:42,1.2708
2018-04-17 09:43,1.4684
2018-04-17 09:44,1.7647
2018-04-17 09:45,1.8021
2018-04-17 09:46,1.8938
2018-04-17 09:47,1.9256
2018-04-17 09:48,1.8716
2018-04-17 09:49,1.8128
2018-04-17 09:50,1.7889
2018-04-17 09:51,1.8695
2018-04-17 09:52,1.8893
2018-04-17 09:53,1.8739
2018-04-17 09:54,2.0063
2018-04-17 09:55,2.1495
2018-04-17 09:56,2.3139
2018-04-17 09:57,2.4926
2018-04-17 09:58,2.4389
2018-04-17 09:59,2.2742
2018-04-17 10:00,2.326
2018-04-17 10:01,2.5196
2018-04-17 10:02,2.4749
2018-04-17 10:03,2.4251
2018-04-17 10:04,2.2346
2018-04-17 10:05,2.0984
2018-04-17 10:06,2.1389
2018-04-17 10:07,2.1748
2018-04-17 10:08,2.1872
2018-04-17 10:09,2.1153
2018-04-17 10:10,2.2048
2018-04-17 10:11,2.2093
2018-04-17 10:12,2.167
2018-04-17 10:13,2.1282
2018-04-17 10:14,2.1253
2018-04-17 10:15,2.2109
2018-04-17 10:16,2.2543
2018-04-17 10:17,2.1972
2018-04-17 10:18,2.2392
2018-04-17 10:19,2.1969
2018-04-17 10:20,2.2914
2018-04-17 10:21,2.3127
2018-04-17 10:22,2.2832
2018-04-17 10:23,2.3441
2018-04-17 10:24,2.3513
2018-04-17 10:25,2.4747
2018-04-17 10:26,2.4664
2018-04-17 10:27,2.4591
2018-04-17 10:28,2.4979
2018-04-17 10:29,2.5068
2018-04-17 10:30,1.0208
2018-04-17 10:31,0.8708
2018-04-17 10:32,1.2323
2018-04-17 10:33,1.3165
2018-04-17 10:34,1.2456
2018-04-17 10:35,1.3145
2018-04-17 10:36,1.2136
2018-04-17 10:37,1.0946
2018-04-17 10:38,0.977
2018-04-17 10:39,0.9137
2018-04-17 10:40,0.695
2018-04-17 10:41,0.7038
2018-04-17 10:42,0.9644
2018-04-17 10:43,0.7888
2018-04-17 10:44,0.5254
2018-04-17 10:45,0.4723
2018-04-17 10:46,0.4187
2018-04-17 10:47,0.4076
2018-04-17 10:48,0.4631
2018-04-17 10:49,0.5267
2018-04-17 10:50,0.5822
2018-04-17 10:51,0.6635
2018-04-17 10:52,0.6449
2018-04-17 10:53,0.7524
2018-04-17 10:54,0.7026
2018-04-17 10:55,0.5837
2018-04-17 10:56,0.3835
2018-04-17 10:57,0.2221
2018-04-17 10:58,0.2674
2018-04-17 10:59,0.3656
2018-04-17 11:00,0.3196
2018-04-17 11:01,0.1413
2018-04-17 11:02,0.3826
2018-04-17 11:03,0.4307
2018-04-17 11:04,0.5283
2018-04-17 11:05,0.6125
2018-04-17 11:06,0.7831
2018-04-17 11:07,0.735
2018-04-17 11:08,0.5791
2018-04-17 11:09,0.5381
2018-04-17 11:10,0.5184
2018-04-17 11:11,0.534
2018-04-17 11:12,0.4954
2018-04-17 11:13,0.4992
2018-04-17 11:14,0.4813
2018-04-17 11:15,0.4252
2018-04-17 11:16,0.3207
2018-04-17 11:17,0.4336
2018-04-17 11:18,0.3435
2018-04-17 11:19,0.3847
2018-04-17 11:20,0.2294
2018-04-17 11:21,0.2189
2018-04-17 11:22,0.4249
2018-04-17 11:23,0.5094
2018-04-17 11:24,0.4632
2018-04-17 11:25,0.2991
2018-04-17 11:26,0.3699
2018-04-17 11:27,0.3686
2018-04-17 11:28,0.4592
2018-04-17 11:29,0.4436
2018-04-17 11:30,0.481
2018-04-17 11:31,0.5396
2018-04-17 11:32,0.5089
2018-04-17 11:33,0.4631
2018-04-17 11:34,0.4816
2018-04-17 11:35,0.3373
2018-04-17 11:36,0.3687
2018-04-17 11:37,0.4051
2018-04-17 11:38,0.4302
2018-04-17 11:39,0.4288
2018-04-17 11:40,0.4723
2018-04-17 11:41,0.3692
2018-04-17 11:42,0.3939
2018-04-17 11:43,0.3769
2018-04-17 11:44,0.3657
2018-04-17 11:45,0.377
2018-04-17 11:46,0.4607
2018-04-17 11:47,0.5386
2018-04-17 11:48,0.6237
2018-04-17 11:49,0.6377
2018-04-17 11:50,0.6155
2018-04-17 11:51,0.5998
2018-04-17 11:52,0.6381
2018-04-17 11:53,0.5392
2018-04-17 11:54,0.5409
2018-04-17 11:55,0.5183
2018-04-17 11:56,0.4641
2018-04-17 11:57,0.4507
2018-04-17 11:58,0.3399
2018-04-17 11:59,0.3248
2018-04-17 12:00,0.248
2018-04-17 12:01,0.2893
2018-04-17 12:02,0.207
2018-04-17 12:03,0.2075
2018-04-17 12:04,0.2726
2018-04-17 12:05,0.31
2018-04-17 12:06,0.1421
2018-04-17 12:07,0.1132
2018-04-17 12:08,0.2092
2018-04-17 12:09,0.3308
2018-04-17 12:10,0.1775
2018-04-17 12:11,0.2117
2018-04-17 12:12,0.2812
2018-04-17 12:13,0.1741
2018-04-17 12:14,0.1798
2018-04-17 12:15,0.2108
2018-04-17 12:16,0.2765
2018-04-17 12:17,0.3239
2018-04-17 12:18,0.3662
2018-04-17 12:19,0.2869
2018-04-17 12:20,0.3526
2018-04-17 12:21,0.3084
2018-04-17 12:22,0.1656
2018-04-17 12:23,0.079
2018-04-17 12:24,0.1291
2018-04-17 12:25,0.1913
2018-04-17 12:26,0.1623
2018-04-17 12:27,0.225
2018-04-17 12:28,0.1405
2018-04-17 12:29,0.1909
2018-04-17 12:30,0.2405
2018-04-17 12:31,0.2456
2018-04-17 12:32,0.2602
2018-04-17 12:33,0.2213
2018-04-17 12:34,0.2069
2018-04-17 12:35,0.1926
2018-04-17 12:36,0.114
2018-04-17 12:37,0.1011
2018-04-17 12:38,0.0988
2018-04-17 12:39,0.1114
2018-04-17 12:40,0.1247
2018-04-17 12:41,0.1273
2018-04-17 12:42,0.2482
2018-04-17 12:43,0.2351
2018-04-17 12:44,0.2351
2018-04-17 12:45,0.2032
2018-04-17 12:46,0.1825
2018-04-17 12:47,0.1219
2018-04-17 12:48,0.0441
2018-04-17 12:49,-0.0495
2018-04-17 12:50,-0.0224
2018-04-17 12:51,0.0037
2018-04-17 12:52,-0.0137
2018-04-17 12:53,-0.0019
2018-04-17 12:54,-0.0374
2018-04-17 12:55,-0.0873
2018-04-17 12:56,-0.0761
2018-04-17 12:57,0.0477
2018-04-17 12:58,0.1114
2018-04-17 12:59,0.1843
2018-04-17 13:00,0.2235
2018-04-17 13:01,0.0907
2018-04-17 13:02,0.0406
2018-04-17 13:03,0.0277
2018-04-17 13:04,0.0652
2018-04-17 13:05,0.0168
2018-04-17 13:06,0.0084
2018-04-17 13:07,0.1243
2018-04-17 13:08,0.1519
2018-04-17 13:09,0.2019
2018-04-17 13:10,0.2618
2018-04-17 13:11,0.2216
2018-04-17 13:12,0.1822
2018-04-17 13:13,0.2741
2018-04-17 13:14,0.144
2018-04-17 13:15,0.1571
2018-04-17 13:16,0.028
2018-04-17 13:17,0.0332
2018-04-17 13:18,0.0262
2018-04-17 13:19,0.0618
2018-04-17 13:20,0.029
2018-04-17 13:21,0.0192
2018-04-17 13:22,-0.0046
2018-04-17 13:23,0.0205
2018-04-17 13:24,0.0149
2018-04-17 13:25,-0.0472
2018-04-17 13:26,-0.0462
2018-04-17 13:27,-0.0433
2018-04-17 13:28,-0.0084
2018-04-17 13:29,0.0065
2018-04-17 13:30,0.0645
2018-04-17 13:31,0.0779
2018-04-17 13:32,0.0308
2018-04-17 13:34,0.0803
2018-04-17 13:35,0.1196
2018-04-17 13:36,0.1797
2018-04-17 13:37,0.1978
2018-04-17 13:38,0.2469
2018-04-17 13:39,0.2956
2018-04-17 13:40,0.2698
2018-04-17 13:41,0.2257
2018-04-17 13:42,0.2486
2018-04-17 13:43,0.1354
2018-04-17 13:44,0.1919
2018-04-17 13:45,0.2486
2018-04-17 13:46,0.257
2018-04-17 13:47,0.1915
2018-04-17 13:48,0.2923
2018-04-17 13:49,0.2886
2018-04-17 13:50,0.2955
2018-04-17 13:51,0.1888
2018-04-17 13:52,0.0822
2018-04-17 13:53,0.0626
2018-04-17 13:54,0.0804
2018-04-17 13:55,0.0962
2018-04-17 13:56,0.1777
2018-04-17 13:57,0.1608
2018-04-17 13:58,0.1514
2018-04-17 13:59,0.1916
2018-04-17 14:00,0.1224
2018-04-17 14:01,0.1289
2018-04-17 14:02,0.1485
2018-04-17 14:03,0.2191
2018-04-17 14:04,0.2327
2018-04-17 14:05,0.1711
2018-04-17 14:06,0.1606
2018-04-17 14:07,0.1494
2018-04-17 14:08,0.1027
2018-04-17 14:09,0.0665
2018-04-17 14:10,0.1147
2018-04-17 14:11,0.0699
2018-04-17 14:12,0.0769
2018-04-17 14:13,0.1241
2018-04-17 14:14,0.0867
2018-04-17 14:15,0.1663
2018-04-17 14:16,0.182
2018-04-17 14:17,0.2813
2018-04-17 14:18,0.2317
2018-04-17 14:19,0.1821
2018-04-17 14:20,0.1846
2018-04-17 14:21,0.2003
2018-04-17 14:22,0.1945
2018-04-17 14:23,0.2542
2018-04-17 14:24,0.2016
2018-04-17 14:25,0.2027
2018-04-17 14:26,0.1653
2018-04-17 14:27,0.142
2018-04-17 14:28,0.08
2018-04-17 14:29,0.1186
2018-04-17 14:30,0.07
2018-04-17 14:31,0.0816
2018-04-17 14:32,0.0739
2018-04-17 14:33,0.1419
2018-04-17 14:34,0.1151
2018-04-17 14:35,0.1176
2018-04-17 14:36,0.1754
2018-04-17 14:37,0.2015
2018-04-17 14:38,0.1651
2018-04-17 14:39,0.18
2018-04-17 14:40,0.2168
2018-04-17 14:41,0.2038
2018-04-17 14:42,0.1557
2018-04-17 14:43,0.2687
2018-04-17 14:44,0.1969
2018-04-17 14:45,0.1613
2018-04-17 14:46,0.2056
2018-04-17 14:47,0.2751
2018-04-17 14:48,0.2348
2018-04-17 14:49,0.2618
2018-04-17 14:50,0.3291
2018-04-17 14:51,0.3844
2018-04-17 14:52,0.4538
2018-04-17 14:53,0.5155
2018-04-17 14:54,0.5051
2018-04-17 14:55,0.378
2018-04-17 14:56,0.4363
2018-04-17 14:57,0.4995
2018-04-17 14:58,0.3752
2018-04-17 14:59,0.3293
2018-04-17 15:00,0.3486
2018-04-17 15:01,0.3108
2018-04-17 15:02,0.264
2018-04-17 15:03,0.247
2018-04-17 15:04,0.2909
2018-04-17 15:05,0.2097
2018-04-17 15:06,0.2583
2018-04-17 15:07,0.338
2018-04-17 15:08,0.2979
2018-04-17 15:09,0.3082
2018-04-17 15:10,0.2095
2018-04-17 15:11,0.2498
2018-04-17 15:12,0.254
2018-04-17 15:13,0.177
2018-04-17 15:14,0.2493
2018-04-17 15:15,0.1844
2018-04-17 15:16,0.1724
2018-04-17 15:17,0.2209
2018-04-17 15:18,0.246
2018-04-17 15:19,0.4084
2018-04-17 15:20,0.4721
2018-04-17 15:21,0.4425
2018-04-17 15:22,0.4475
2018-04-17 15:23,0.3617
2018-04-17 15:24,0.3829
2018-04-17 15:25,0.2861
2018-04-17 15:26,0.3507
2018-04-17 15:27,0.3078
2018-04-17 15:28,0.3584
2018-04-17 15:29,0.3731
2018-04-17 15:30,0.3593
2018-04-17 15:31,0.283
2018-04-17 15:32,0.3029
2018-04-17 15:33,0.3187
2018-04-17 15:34,0.3474
2018-04-17 15:35,0.3485
2018-04-17 15:36,0.2505
2018-04-17 15:37,0.2654
2018-04-17 15:38,0.3138
2018-04-17 15:39,0.2886
2018-04-17 15:40,0.2503
2018-04-17 15:41,0.2876
2018-04-17 15:42,0.2486
2018-04-17 15:43,0.1535
2018-04-17 15:44,0.193
2018-04-17 15:45,0.2066
2018-04-17 15:46,0.1624
2018-04-17 15:47,0.1255
2018-04-17 15:48,0.0711
2018-04-17 15:49,0.0465
2018-04-17 15:50,0.0335
2018-04-17 15:51,-0.0455
2018-04-17 15:52,-0.0353
2018-04-17 15:53,-0.1979
2018-04-17 15:54,-0.1124
2018-04-17 15:55,-0.0325
2018-04-17 15:56,-0.092
2018-04-17 15:57,-0.1384
2018-04-17 15:58,-0.0838
2018-04-17 15:59,0.0009
2018-04-17 16:00,-0.142
2018-04-18 09:30,0.1924
2018-04-18 09:31,-0.0912
2018-04-18 09:32,-0.2465
2018-04-18 09:33,-0.0069
2018-04-18 09:34,-0.0149
2018-04-18 09:35,0.0241
2018-04-18 09:36,-0.0228
2018-04-18 09:37,0.0683
2018-04-18 09:38,-0.1422
2018-04-18 09:39,-0.4284
2018-04-18 09:40,-0.5202
2018-04-18 09:41,-0.5021
2018-04-18 09:42,-0.3758
2018-04-18 09:43,-0.3119
2018-04-18 09:44,-0.3879
2018-04-18 09:45,-0.465
2018-04-18 09:46,-0.5682
2018-04-18 09:47,-0.7028
2018-04-18 09:48,-0.7605
2018-04-18 09:49,-0.6757
2018-04-18 09:50,-0.6336
2018-04-18 09:51,-0.6286
2018-04-18 09:52,-0.6426
2018-04-18 09:53,-0.6478
2018-04-18 09:54,-0.5604
2018-04-18 09:55,-0.2617
2018-04-18 09:56,-0.1572
2018-04-18 09:57,-0.1928
2018-04-18 09:58,-0.2416
2018-04-18 09:59,-0.212
2018-04-18 10:00,-0.2831
2018-04-18 10:01,-0.3752
2018-04-18 10:02,-0.542
2018-04-18 10:03,-0.5675
2018-04-18 10:04,-0.4755
2018-04-18 10:05,-0.4765
2018-04-18 10:06,-0.5423
2018-04-18 10:07,-0.6536
2018-04-18 10:08,-0.6405
2018-04-18 10:09,-0.7427
2018-04-18 10:10,-0.7499
2018-04-18 10:11,-0.7875
2018-04-18 10:12,-0.7533
2018-04-18 10:13,-0.8025
2018-04-18 10:14,-0.9097
2018-04-18 10:15,-0.8481
2018-04-18 10:16,-0.8331
2018-04-18 10:17,-0.7827
2018-04-18 10:18,-0.7794
2018-04-18 10:19,-0.8797
2018-04-18 10:20,-0.6947
2018-04-18 10:21,-0.6547
2018-04-18 10:22,-0.606
2018-04-18 10:23,-0.6905
2018-04-18 10:24,-0.6744
2018-04-18 10:25,-0.572
2018-04-18 10:26,-0.6065
2018-04-18 10:27,-0.7474
2018-04-18 10:28,-0.7834
2018-04-18 10:29,-0.58
2018-04-18 10:30,-0.8056
2018-04-18 10:31,-0.3845
2018-04-18 10:32,-0.178
2018-04-18 10:33,-0.3873
2018-04-18 10:34,-0.3591
2018-04-18 10:35,-0.5038
2018-04-18 10:36,-0.4656
2018-04-18 10:37,-0.476
2018-04-18 10:38,-0.1536
2018-04-18 10:39,-0.0065
2018-04-18 10:40,0.1525
2018-04-18 10:41,0.2009
2018-04-18 10:42,0.1018
2018-04-18 10:43,-0.0683
2018-04-18 10:44,0.1307
2018-04-18 10:45,0.2439
2018-04-18 10:46,0.3392
2018-04-18 10:47,0.4232
2018-04-18 10:48,0.3097
2018-04-18 10:49,0.1747
2018-04-18 10:50,0.1593
2018-04-18 10:51,0.1874
2018-04-18 10:52,0.127
2018-04-18 10:53,0.1584
2018-04-18 10:54,0.2365
2018-04-18 10:55,-0.1375
2018-04-18 10:56,-0.0941
2018-04-18 10:57,-0.082
2018-04-18 10:58,-0.0247
2018-04-18 10:59,-0.0466
2018-04-18 11:00,0.0499
2018-04-18 11:01,0.134
2018-04-18 11:02,0.347
2018-04-18 11:03,0.3335
2018-04-18 11:04,0.2445
2018-04-18 11:05,0.3192
2018-04-18 11:06,0.3277
2018-04-18 11:07,0.4373
2018-04-18 11:08,0.4204
2018-04-18 11:09,0.5294
2018-04-18 11:10,0.4746
2018-04-18 11:11,0.5925
2018-04-18 11:12,0.5288
2018-04-18 11:13,0.5778
2018-04-18 11:14,0.6743
2018-04-18 11:15,0.6973
2018-04-18 11:16,0.5769
2018-04-18 11:17,0.5178
2018-04-18 11:18,0.4906
2018-04-18 11:19,0.6551
2018-04-18 11:20,0.561
2018-04-18 11:22,0.4952
2018-04-18 11:23,0.4861
2018-04-18 11:24,0.4383
2018-04-18 11:25,0.4533
2018-04-18 11:26,0.4088
2018-04-18 11:27,0.4764
2018-04-18 11:28,0.6734
2018-04-18 11:29,0.7189
2018-04-18 11:30,0.5543
2018-04-18 11:31,0.4435
2018-04-18 11:32,0.3327
2018-04-18 11:33,0.1784
2018-04-18 11:34,0.0747
2018-04-18 11:35,0.127
2018-04-18 11:36,0.1859
2018-04-18 11:37,0.1438
2018-04-18 11:38,0.0126
2018-04-18 11:39,-0.1501
2018-04-18 11:40,0.0482
2018-04-18 11:41,0.0302
2018-04-18 11:42,-0.1044
2018-04-18 11:43,-0.0886
2018-04-18 11:44,-0.0689
2018-04-18 11:45,-0.1455
2018-04-18 11:46,-0.3123
2018-04-18 11:47,-0.3828
2018-04-18 11:48,-0.4139
2018-04-18 11:49,-0.2118
2018-04-18 11:50,-0.2323
2018-04-18 11:51,-0.1315
2018-04-18 11:52,-0.1495
2018-04-18 11:53,0.0952
2018-04-18 11:54,-0.0065
2018-04-18 11:55,-0.0699
2018-04-18 11:56,0.0033
2018-04-18 11:57,-0.1203
2018-04-18 11:58,-0.1324
2018-04-18 11:59,-0.2409
2018-04-18 12:00,-0.2182
2018-04-18 12:02,-0.2078
2018-04-18 12:03,-0.2441
2018-04-18 12:05,-0.1247
2018-04-18 12:06,-0.1261
2018-04-18 12:07,-0.1368
2018-04-18 12:08,-0.045
2018-04-18 12:09,0.0307
2018-04-18 12:10,-0.0307
2018-04-18 12:11,-0.0157
2018-04-18 12:12,-0.013
2018-04-18 12:13,0.0042
2018-04-18 12:14,-0.0112
2018-04-18 12:15,0.1033
2018-04-18 12:16,0.0065
2018-04-18 12:17,-0.0489
2018-04-18 12:18,-0.135
2018-04-18 12:19,-0.0865
2018-04-18 12:20,-0.0736
2018-04-18 12:21,-0.0866
2018-04-18 12:22,-0.1844
2018-04-18 12:23,-0.0652
2018-04-18 12:24,-0.0247
2018-04-18 12:25,0.0774
2018-04-18 12:26,0.1813
2018-04-18 12:27,0.138
2018-04-18 12:28,0.0578
2018-04-18 12:29,0.0102
2018-04-18 12:30,0.0186
2018-04-18 12:31,-0.0842
2018-04-18 12:32,-0.0251
2018-04-18 12:33,0.0009
2018-04-18 12:34,0.0391
2018-04-18 12:35,0.028
2018-04-18 12:36,0.0923
2018-04-18 12:37,0.0065
2018-04-18 12:38,-0.0121
2018-04-18 12:39,-0.1361
2018-04-18 12:40,0.0112
2018-04-18 12:41,0.0644
2018-04-18 12:42,0.033
2018-04-18 12:43,0.0
2018-04-18 12:44,0.0439
2018-04-18 12:45,0.0588
2018-04-18 12:46,0.1009
2018-04-18 12:47,0.17
2018-04-18 12:48,0.3151
2018-04-18 12:49,0.3462
2018-04-18 12:50,0.3717
2018-04-18 12:52,0.2599
2018-04-18 12:53,0.2997
2018-04-18 12:54,0.1513
2018-04-18 12:55,0.1525
2018-04-18 12:56,-0.0103
2018-04-18 12:57,0.1792
2018-04-18 12:58,0.1297
2018-04-18 12:59,0.1283
2018-04-18 13:00,0.1613
2018-04-18 13:01,0.1587
2018-04-18 13:03,0.2066
2018-04-18 13:04,0.1887
2018-04-18 13:05,0.1821
2018-04-18 13:06,0.2185
2018-04-18 13:07,-0.014
2018-04-18 13:08,-0.0177
2018-04-18 13:10,-0.0373
2018-04-18 13:12,-0.1989
2018-04-18 13:13,-0.2082
2018-04-18 13:14,-0.134
2018-04-18 13:15,-0.1178
2018-04-18 13:16,-0.1331
2018-04-18 13:17,-0.1638
2018-04-18 13:18,-0.201
2018-04-18 13:19,-0.2625
2018-04-18 13:20,-0.1462
2018-04-18 13:21,-0.0517
2018-04-18 13:23,-0.0281
2018-04-18 13:24,-0.0402
2018-04-18 13:25,-0.0401
2018-04-18 13:26,-0.0738
2018-04-18 13:27,-0.0429
2018-04-18 13:29,-0.123
2018-04-18 13:30,-0.157
2018-04-18 13:32,-0.1295
2018-04-18 13:33,-0.2792
2018-04-18 13:34,-0.2104
2018-04-18 13:37,-0.1965
2018-04-18 13:38,-0.0903
2018-04-18 13:39,-0.185
2018-04-18 13:40,-0.149
2018-04-18 13:41,-0.1383
2018-04-18 13:42,-0.1397
2018-04-18 13:43,-0.1583
2018-04-18 13:44,-0.1417
2018-04-18 13:45,-0.2078
2018-04-18 13:46,-0.1035
2018-04-18 13:47,-0.1203
2018-04-18 13:48,-0.0467
2018-04-18 13:49,-0.0672
2018-04-18 13:50,-0.0644
2018-04-18 13:51,-0.0942
2018-04-18 13:52,-0.0494
2018-04-18 13:53,0.014
2018-04-18 13:54,-0.0065
2018-04-18 13:55,-0.0434
2018-04-18 13:56,-0.0937
2018-04-18 13:57,-0.0867
2018-04-18 13:58,-0.0666
2018-04-18 13:59,-0.0644
2018-04-18 14:00,-0.1944
2018-04-18 14:01,-0.2708
2018-04-18 14:02,-0.1819
2018-04-18 14:03,-0.2014
2018-04-18 14:04,-0.1931
2018-04-18 14:05,-0.1985
2018-04-18 14:06,-0.1524
2018-04-18 14:07,-0.0732
2018-04-18 14:08,-0.0678
2018-04-18 14:09,-0.0699
2018-04-18 14:10,-0.0803
2018-04-18 14:11,-0.0289
2018-04-18 14:12,-0.0401
2018-04-18 14:13,-0.082
2018-04-18 14:14,-0.0438
2018-04-18 14:15,0.0
2018-04-18 14:16,0.0681
2018-04-18 14:17,0.1138
2018-04-18 14:18,0.0506
2018-04-18 14:19,-0.0009
2018-04-18 14:20,-0.0256
2018-04-18 14:21,-0.0298
2018-04-18 14:22,0.007
2018-04-18 14:23,0.1483
2018-04-18 14:24,0.0617
2018-04-18 14:25,0.0107
2018-04-18 14:26,-0.0676
2018-04-18 14:27,-0.0457
2018-04-18 14:28,0.0261
2018-04-18 14:29,0.0849
2018-04-18 14:30,0.17
2018-04-18 14:32,0.2212
2018-04-18 14:33,0.1699
2018-04-18 14:34,0.2212
2018-04-18 14:35,0.1644
2018-04-18 14:36,0.2809
2018-04-18 14:37,0.1885
2018-04-18 14:38,0.1371
2018-04-18 14:39,0.1046
2018-04-18 14:40,0.0892
2018-04-18 14:41,0.1222
2018-04-18 14:42,0.1777
2018-04-18 14:43,0.0961
2018-04-18 14:45,0.1446
2018-04-18 14:46,0.2184
2018-04-18 14:47,0.2852
2018-04-18 14:48,0.2473
2018-04-18 14:49,0.3548
2018-04-18 14:50,0.3932
2018-04-18 14:51,0.3511
2018-04-18 14:52,0.4033
2018-04-18 14:53,0.3828
2018-04-18 14:54,0.3173
2018-04-18 14:55,0.2827
2018-04-18 14:56,0.3163
2018-04-18 14:57,0.3505
2018-04-18 14:58,0.412
2018-04-18 14:59,0.2855
2018-04-18 15:00,0.1264
2018-04-18 15:01,0.1923
2018-04-18 15:02,0.2845
2018-04-18 15:03,0.4029
2018-04-18 15:04,0.4195
2018-04-18 15:05,0.4224
2018-04-18 15:06,0.4523
2018-04-18 15:07,0.3728
2018-04-18 15:08,0.3495
2018-04-18 15:09,0.2308
2018-04-18 15:10,0.166
2018-04-18 15:11,0.2397
2018-04-18 15:12,0.2538
2018-04-18 15:13,0.3013
2018-04-18 15:14,0.1473
2018-04-18 15:15,0.1408
2018-04-18 15:16,0.2135
2018-04-18 15:17,0.1771
2018-04-18 15:18,0.1337
2018-04-18 15:19,0.1043
2018-04-18 15:20,0.061
2018-04-18 15:21,0.0988
2018-04-18 15:22,-0.0186
2018-04-18 15:23,0.0047
2018-04-18 15:24,0.0182
2018-04-18 15:25,-0.1052
2018-04-18 15:26,-0.0019
2018-04-18 15:27,0.0387
2018-04-18 15:28,0.0718
2018-04-18 15:29,0.0401
2018-04-18 15:30,-0.0196
2018-04-18 15:31,-0.0606
2018-04-18 15:32,-0.1109
2018-04-18 15:33,-0.122
2018-04-18 15:34,-0.1011
2018-04-18 15:35,-0.1071
2018-04-18 15:36,-0.0943
2018-04-18 15:37,-0.1601
2018-04-18 15:38,-0.1285
2018-04-18 15:39,-0.1062
2018-04-18 15:40,-0.1548
2018-04-18 15:41,-0.1741
2018-04-18 15:42,-0.1341
2018-04-18 15:43,-0.162
2018-04-18 15:44,-0.0401
2018-04-18 15:45,-0.0792
2018-04-18 15:46,-0.0596
2018-04-18 15:47,-0.0852
2018-04-18 15:48,-0.0803
2018-04-18 15:49,-0.2475
2018-04-18 15:50,-0.3033
2018-04-18 15:51,-0.2252
2018-04-18 15:52,-0.2445
2018-04-18 15:53,-0.2362
2018-04-18 15:54,-0.2558
2018-04-18 15:55,-0.2385
2018-04-18 15:56,-0.3209
2018-04-18 15:57,-0.2632
2018-04-18 15:58,-0.368
2018-04-18 15:59,-0.2856
2018-04-18 16:00,-0.0969
2018-04-19 09:30,-0.3791
2018-04-19 09:31,-0.3557
2018-04-19 09:32,-0.2843
2018-04-19 09:33,-0.3824
2018-04-19 09:34,-0.2401
2018-04-19 09:35,-0.2782
2018-04-19 09:36,-0.4935
2018-04-19 09:37,-0.4064
2018-04-19 09:38,-0.3832
2018-04-19 09:39,-0.2477
2018-04-19 09:40,-0.3341
2018-04-19 09:41,-0.3834
2018-04-19 09:42,-0.3469
2018-04-19 09:43,-0.2151
2018-04-19 09:44,-0.136
2018-04-19 09:45,-0.3632
2018-04-19 09:46,-0.409
2018-04-19 09:47,-0.3839
2018-04-19 09:48,-0.4281
2018-04-19 09:49,-0.4312
2018-04-19 09:50,-0.4357
2018-04-19 09:51,-0.3407
2018-04-19 09:52,-0.4511
2018-04-19 09:53,-0.246
2018-04-19 09:54,-0.2223
2018-04-19 09:55,-0.1146
2018-04-19 09:56,-0.1314
2018-04-19 09:57,0.0564
2018-04-19 09:58,0.1003
2018-04-19 09:59,0.4755
2018-04-19 10:00,0.4391
2018-04-19 10:01,0.4528
2018-04-19 10:02,0.3683
2018-04-19 10:03,0.4387
2018-04-19 10:04,0.3094
2018-04-19 10:05,0.2973
2018-04-19 10:06,0.2116
2018-04-19 10:07,0.1091
2018-04-19 10:08,0.1292
2018-04-19 10:09,0.2425
2018-04-19 10:10,0.3425
2018-04-19 10:11,0.3069
2018-04-19 10:12,0.374
2018-04-19 10:13,0.3193
2018-04-19 10:14,0.1752
2018-04-19 10:15,0.2273
2018-04-19 10:16,0.2511
2018-04-19 10:17,0.3152
2018-04-19 10:18,0.513
2018-04-19 10:19,0.5963
2018-04-19 10:20,0.4656
2018-04-19 10:21,0.3355
2018-04-19 10:22,0.3309
2018-04-19 10:23,0.4174
2018-04-19 10:24,0.3874
2018-04-19 10:25,0.5757
2018-04-19 10:26,0.6127
2018-04-19 10:27,0.5654
2018-04-19 10:28,0.6046
2018-04-19 10:29,0.513
2018-04-19 10:30,0.7836
2018-04-19 10:31,0.6309
2018-04-19 10:32,0.4811
2018-04-19 10:33,0.5034
2018-04-19 10:34,0.5377
2018-04-19 10:35,0.5024
2018-04-19 10:36,0.8022
2018-04-19 10:37,0.6667
2018-04-19 10:38,0.6808
2018-04-19 10:39,0.6058
2018-04-19 10:40,0.7162
2018-04-19 10:41,0.6576
2018-04-19 10:42,0.5422
2018-04-19 10:43,0.5524
2018-04-19 10:44,0.4527
2018-04-19 10:45,0.5429
2018-04-19 10:46,0.6869
2018-04-19 10:47,0.5726
2018-04-19 10:48,0.6729
2018-04-19 10:49,0.708
2018-04-19 10:50,0.7397
2018-04-19 10:51,0.8225
2018-04-19 10:52,0.9277
2018-04-19 10:53,0.6428
2018-04-19 10:54,0.6511
2018-04-19 10:55,0.4936
2018-04-19 10:56,0.4199
2018-04-19 10:57,0.2768
2018-04-19 10:58,0.2478
2018-04-19 10:59,-0.0473
2018-04-19 11:00,0.1272
2018-04-19 11:01,-0.0042
2018-04-19 11:02,0.0678
2018-04-19 11:03,0.0019
2018-04-19 11:04,0.0362
2018-04-19 11:05,0.0093
2018-04-19 11:06,0.1544
2018-04-19 11:07,0.2859
2018-04-19 11:08,0.2697
2018-04-19 11:09,0.3015
2018-04-19 11:10,0.2139
2018-04-19 11:11,0.2334
2018-04-19 11:12,0.1124
2018-04-19 11:13,0.0757
2018-04-19 11:14,0.1768
2018-04-19 11:15,0.159
2018-04-19 11:16,0.0702
2018-04-19 11:17,0.0979
2018-04-19 11:18,0.0487
2018-04-19 11:19,-0.0158
2018-04-19 11:20,0.0554
2018-04-19 11:21,-0.0176
2018-04-19 11:22,0.0013
2018-04-19 11:23,0.1305
2018-04-19 11:24,0.1788
2018-04-19 11:25,0.2041
2018-04-19 11:26,-0.0385
2018-04-19 11:27,0.0806
2018-04-19 11:28,0.0172
2018-04-19 11:29,0.1504
2018-04-19 11:30,0.2157
2018-04-19 11:31,0.3428
2018-04-19 11:32,0.3559
2018-04-19 11:33,0.3689
2018-04-19 11:34,0.1972
2018-04-19 11:35,0.2919
2018-04-19 11:36,0.2457
2018-04-19 11:37,0.1456
2018-04-19 11:38,0.18
2018-04-19 11:40,0.038
2018-04-19 11:41,-0.0362
2018-04-19 11:42,0.0158
2018-04-19 11:43,-0.0306
2018-04-19 11:44,0.039
2018-04-19 11:45,0.1703
2018-04-19 11:46,0.2206
2018-04-19 11:47,0.1573
2018-04-19 11:48,0.2991
2018-04-19 11:49,0.1606
2018-04-19 11:50,0.2387
2018-04-19 11:51,0.214
2018-04-19 11:52,0.0788
2018-04-19 11:53,0.0761
2018-04-19 11:54,0.0696
2018-04-19 11:55,0.1011
2018-04-19 11:56,0.1959
2018-04-19 11:57,0.2301
2018-04-19 11:58,0.2013
2018-04-19 11:59,0.1321
2018-04-19 12:00,-0.0223
2018-04-19 12:01,-0.2791
2018-04-19 12:02,-0.3231
2018-04-19 12:03,-0.168
2018-04-19 12:04,-0.0789
2018-04-19 12:05,0.0516
2018-04-19 12:06,0.0492
2018-04-19 12:07,-0.1012
2018-04-19 12:08,-0.0724
2018-04-19 12:09,-0.0437
2018-04-19 12:10,-0.0843
2018-04-19 12:11,-0.1921
2018-04-19 12:13,-0.2375
2018-04-19 12:14,-0.1522
2018-04-19 12:15,-0.0865
2018-04-19 12:16,0.0186
2018-04-19 12:17,-0.0882
2018-04-19 12:18,0.0139
2018-04-19 12:20,-0.0654
2018-04-19 12:21,-0.1074
2018-04-19 12:22,-0.0362
2018-04-19 12:23,-0.0872
2018-04-19 12:24,0.1375
2018-04-19 12:25,0.1011
2018-04-19 12:26,-0.064
2018-04-19 12:27,-0.0459
2018-04-19 12:28,-0.2287
2018-04-19 12:29,-0.1878
2018-04-19 12:30,-0.2595
2018-04-19 12:31,-0.1507
2018-04-19 12:32,-0.2242
2018-04-19 12:33,-0.2106
2018-04-19 12:34,-0.2694
2018-04-19 12:35,-0.2657
2018-04-19 12:36,-0.2222
2018-04-19 12:37,-0.287
2018-04-19 12:38,-0.273
2018-04-19 12:39,-0.2627
2018-04-19 12:40,-0.1167
2018-04-19 12:41,-0.2288
2018-04-19 12:42,-0.0649
2018-04-19 12:43,0.0167
2018-04-19 12:44,0.0362
2018-04-19 12:45,0.1746
2018-04-19 12:46,0.1187
2018-04-19 12:47,-0.0783
2018-04-19 12:48,0.0198
2018-04-19 12:49,0.0273
2018-04-19 12:50,0.0009
2018-04-19 12:51,0.1029
2018-04-19 12:52,0.0954
2018-04-19 12:53,0.0403
2018-04-19 12:54,-0.0148
2018-04-19 12:55,0.0463
2018-04-19 12:56,0.0842
2018-04-19 12:57,0.0247
2018-04-19 12:58,-0.0083
2018-04-19 12:59,-0.0479
2018-04-19 13:00,-0.1659
2018-04-19 13:01,-0.0594
2018-04-19 13:02,0.0176
2018-04-19 13:03,0.2241
2018-04-19 13:04,0.3363
2018-04-19 13:05,0.1627
2018-04-19 13:06,0.0548
2018-04-19 13:07,-0.0079
2018-04-19 13:08,0.0436
2018-04-19 13:09,0.1092
2018-04-19 13:10,0.1831
2018-04-19 13:11,0.1245
2018-04-19 13:12,-0.0539
2018-04-19 13:13,0.1293
2018-04-19 13:14,0.1916
2018-04-19 13:15,0.1348
2018-04-19 13:16,0.1033
2018-04-19 13:17,0.1056
2018-04-19 13:18,0.1254
2018-04-19 13:19,0.1077
2018-04-19 13:20,0.0501
2018-04-19 13:21,0.0913
2018-04-19 13:22,0.0594
2018-04-19 13:23,0.0901
2018-04-19 13:24,-0.0028
2018-04-19 13:25,0.0147
2018-04-19 13:27,0.0176
2018-04-19 13:28,-0.0538
2018-04-19 13:29,-0.0348
2018-04-19 13:30,0.056
2018-04-19 13:31,0.1022
2018-04-19 13:32,0.0975
2018-04-19 13:33,0.0715
2018-04-19 13:35,-0.1317
2018-04-19 13:36,-0.1374
2018-04-19 13:37,-0.103
2018-04-19 13:38,-0.1216
2018-04-19 13:39,-0.0214
2018-04-19 13:40,0.052
2018-04-19 13:41,-0.0482
2018-04-19 13:42,-0.0389
2018-04-19 13:43,0.1132
2018-04-19 13:44,0.1188
2018-04-19 13:45,0.1595
2018-04-19 13:46,0.1976
2018-04-19 13:47,0.0973
2018-04-19 13:48,0.0862
2018-04-19 13:49,0.1322
2018-04-19 13:50,0.001
2018-04-19 13:51,0.0287
2018-04-19 13:52,0.0713
2018-04-19 13:53,0.0694
2018-04-19 13:54,-0.0148
2018-04-19 13:55,0.0972
2018-04-19 13:56,0.2156
2018-04-19 13:57,0.0889
2018-04-19 13:58,0.053
2018-04-19 13:59,0.1984
2018-04-19 14:00,0.165
2018-04-19 14:01,0.2451
2018-04-19 14:02,0.3881
2018-04-19 14:03,0.2905
2018-04-19 14:04,0.3825
2018-04-19 14:05,0.2866
2018-04-19 14:06,0.3899
2018-04-19 14:07,0.3954
2018-04-19 14:08,0.4643
2018-04-19 14:09,0.4512
2018-04-19 14:10,0.4112
2018-04-19 14:11,0.502
2018-04-19 14:12,0.3822
2018-04-19 14:13,0.5091
2018-04-19 14:14,0.5824
2018-04-19 14:15,0.541
2018-04-19 14:16,0.5161
2018-04-19 14:17,0.5379
2018-04-19 14:18,0.5525
2018-04-19 14:19,0.388
2018-04-19 14:20,0.3647
2018-04-19 14:21,0.282
2018-04-19 14:22,0.2116
2018-04-19 14:23,0.1224
2018-04-19 14:24,0.0993
2018-04-19 14:25,0.244
2018-04-19 14:26,0.2691
2018-04-19 14:27,0.3308
2018-04-19 14:28,0.2923
2018-04-19 14:29,0.3416
2018-04-19 14:30,0.3597
2018-04-19 14:31,0.4514
2018-04-19 14:32,0.414
2018-04-19 14:33,0.4119
2018-04-19 14:34,0.439
2018-04-19 14:35,0.6856
2018-04-19 14:36,0.6935
2018-04-19 14:37,0.631
2018-04-19 14:38,0.7051
2018-04-19 14:39,0.6325
2018-04-19 14:40,0.5584
2018-04-19 14:41,0.5878
2018-04-19 14:42,0.6503
2018-04-19 14:43,0.6379
2018-04-19 14:44,0.6285
2018-04-19 14:45,0.5202
2018-04-19 14:46,0.555
2018-04-19 14:47,0.5213
2018-04-19 14:48,0.4786
2018-04-19 14:49,0.4446
2018-04-19 14:50,0.5147
2018-04-19 14:51,0.4307
2018-04-19 14:52,0.3507
2018-04-19 14:53,0.3123
2018-04-19 14:54,0.3083
2018-04-19 14:55,0.2317
2018-04-19 14:56,0.3338
2018-04-19 14:57,0.4795
2018-04-19 14:58,0.4737
2018-04-19 14:59,0.3756
2018-04-19 15:00,0.4191
2018-04-19 15:01,0.442
2018-04-19 15:02,0.3608
2018-04-19 15:03,0.4136
2018-04-19 15:04,0.406
2018-04-19 15:05,0.431
2018-04-19 15:06,0.43
2018-04-19 15:07,0.4901
2018-04-19 15:08,0.4677
2018-04-19 15:09,0.5379
2018-04-19 15:10,0.6267
2018-04-19 15:11,0.6283
2018-04-19 15:12,0.7255
2018-04-19 15:13,0.6437
2018-04-19 15:14,0.6908
2018-04-19 15:15,0.702
2018-04-19 15:16,0.6446
2018-04-19 15:17,0.5858
2018-04-19 15:18,0.5596
2018-04-19 15:19,0.7901
2018-04-19 15:20,0.806
2018-04-19 15:21,0.8298
2018-04-19 15:22,0.9158
2018-04-19 15:23,0.8773
2018-04-19 15:24,0.8892
2018-04-19 15:25,0.7977
2018-04-19 15:26,0.7449
2018-04-19 15:27,0.734
2018-04-19 15:28,0.7145
2018-04-19 15:29,0.7336
2018-04-19 15:30,0.6067
2018-04-19 15:31,0.555
2018-04-19 15:32,0.6268
2018-04-19 15:33,0.5571
2018-04-19 15:34,0.5701
2018-04-19 15:35,0.5757
2018-04-19 15:36,0.7751
2018-04-19 15:37,0.7
2018-04-19 15:38,0.6347
2018-04-19 15:39,0.7065
2018-04-19 15:40,0.5031
2018-04-19 15:41,0.5655
2018-04-19 15:42,0.4802
2018-04-19 15:43,0.4201
2018-04-19 15:44,0.4398
2018-04-19 15:45,0.5074
2018-04-19 15:46,0.5326
2018-04-19 15:47,0.608
2018-04-19 15:48,0.597
2018-04-19 15:49,0.8299
2018-04-19 15:50,0.8338
2018-04-19 15:51,0.5532
2018-04-19 15:52,0.5339
2018-04-19 15:53,0.529
2018-04-19 15:54,0.5214
2018-04-19 15:55,0.4093
2018-04-19 15:56,0.2954
2018-04-19 15:57,0.2437
2018-04-19 15:58,0.25
2018-04-19 15:59,0.2866
2018-04-19 16:00,0.2128
2018-04-20 09:30,-0.2948
2018-04-20 09:31,-0.4526
2018-04-20 09:32,-0.681
2018-04-20 09:33,-0.5734
2018-04-20 09:34,-0.4052
2018-04-20 09:35,-0.4687
2018-04-20 09:36,-0.564
2018-04-20 09:37,-0.7672
2018-04-20 09:38,-0.6885
2018-04-20 09:39,-0.7294
2018-04-20 09:40,-0.7622
2018-04-20 09:41,-0.7267
2018-04-20 09:42,-0.7171
2018-04-20 09:43,-0.6785
2018-04-20 09:44,-0.7658
2018-04-20 09:45,-0.9148
2018-04-20 09:46,-0.8839
2018-04-20 09:47,-0.8489
2018-04-20 09:48,-0.9251
2018-04-20 09:49,-0.8813
2018-04-20 09:50,-0.8257
2018-04-20 09:51,-0.729
2018-04-20 09:52,-0.8367
2018-04-20 09:53,-0.885
2018-04-20 09:54,-0.9489
2018-04-20 09:55,-0.7614
2018-04-20 09:56,-0.8283
2018-04-20 09:57,-0.7139
2018-04-20 09:58,-0.7925
2018-04-20 09:59,-0.5507
2018-04-20 10:00,-0.5864
2018-04-20 10:01,-0.7258
2018-04-20 10:02,-0.611
2018-04-20 10:03,-0.6955
2018-04-20 10:04,-0.8963
2018-04-20 10:05,-1.0897
2018-04-20 10:06,-0.9217
2018-04-20 10:07,-0.8388
2018-04-20 10:08,-0.8399
2018-04-20 10:09,-0.6738
2018-04-20 10:10,-0.7691
2018-04-20 10:11,-0.7302
2018-04-20 10:12,-0.6239
2018-04-20 10:13,-0.5842
2018-04-20 10:14,-0.6414
2018-04-20 10:15,-0.7606
2018-04-20 10:16,-0.7231
2018-04-20 10:17,-0.7178
2018-04-20 10:18,-0.8432
2018-04-20 10:19,-0.6732
2018-04-20 10:20,-0.3309
2018-04-20 10:21,-0.3862
2018-04-20 10:22,-0.4868
2018-04-20 10:23,-0.359
2018-04-20 10:24,-0.0901
2018-04-20 10:25,-0.0432
2018-04-20 10:26,-0.0308
2018-04-20 10:27,0.0869
2018-04-20 10:28,0.1847
2018-04-20 10:29,0.171
2018-04-20 10:30,0.6596
2018-04-20 10:31,0.7498
2018-04-20 10:32,1.1092
2018-04-20 10:33,1.089
2018-04-20 10:34,0.8979
2018-04-20 10:35,0.9575
2018-04-20 10:36,0.9263
2018-04-20 10:37,0.9604
2018-04-20 10:38,0.9007
2018-04-20 10:39,0.8883
2018-04-20 10:40,0.9073
2018-04-20 10:41,0.5735
2018-04-20 10:42,0.6095
2018-04-20 10:43,0.2971
2018-04-20 10:44,0.4306
2018-04-20 10:45,0.5843
2018-04-20 10:46,0.5279
2018-04-20 10:47,0.4959
2018-04-20 10:48,0.4394
2018-04-20 10:49,0.3841
2018-04-20 10:50,0.2132
2018-04-20 10:51,0.1507
2018-04-20 10:52,0.3158
2018-04-20 10:53,0.3735
2018-04-20 10:54,0.3337
2018-04-20 10:55,0.3138
2018-04-20 10:56,0.3917
2018-04-20 10:57,0.4281
2018-04-20 10:58,0.5338
2018-04-20 10:59,0.3799
2018-04-20 11:00,0.4993
2018-04-20 11:01,0.5136
2018-04-20 11:02,0.3346
2018-04-20 11:03,0.3858
2018-04-20 11:04,0.3398
2018-04-20 11:05,0.4224
2018-04-20 11:06,0.4276
2018-04-20 11:07,0.269
2018-04-20 11:08,0.305
2018-04-20 11:09,0.1785
2018-04-20 11:10,0.1775
2018-04-20 11:11,0.0402
2018-04-20 11:12,-0.1602
2018-04-20 11:13,-0.2071
2018-04-20 11:14,-0.3739
2018-04-20 11:15,-0.1951
2018-04-20 11:16,-0.2203
2018-04-20 11:17,-0.1607
2018-04-20 11:18,-0.0194
2018-04-20 11:19,-0.2354
2018-04-20 11:20,-0.1224
2018-04-20 11:21,-0.0773
2018-04-20 11:22,-0.0595
2018-04-20 11:23,-0.0995
2018-04-20 11:24,-0.3799
2018-04-20 11:25,-0.5075
2018-04-20 11:26,-0.4141
2018-04-20 11:27,-0.6418
2018-04-20 11:28,-0.7907
2018-04-20 11:29,-0.8288
2018-04-20 11:30,-0.9476
2018-04-20 11:31,-0.759
2018-04-20 11:32,-0.7942
2018-04-20 11:33,-0.8128
2018-04-20 11:34,-0.8844
2018-04-20 11:35,-0.9621
2018-04-20 11:36,-0.8334
2018-04-20 11:37,-0.6859
2018-04-20 11:38,-0.7023
2018-04-20 11:39,-0.8484
2018-04-20 11:40,-0.7671
2018-04-20 11:41,-0.6897
2018-04-20 11:42,-0.5773
2018-04-20 11:43,-0.4321
2018-04-20 11:44,-0.4661
2018-04-20 11:45,-0.5358
2018-04-20 11:46,-0.4846
2018-04-20 11:47,-0.5207
2018-04-20 11:48,-0.3951
2018-04-20 11:49,-0.4131
2018-04-20 11:50,-0.3005
2018-04-20 11:51,-0.3115
2018-04-20 11:52,-0.2797
2018-04-20 11:53,-0.144
2018-04-20 11:54,-0.1667
2018-04-20 11:55,-0.3156
2018-04-20 11:56,-0.4372
2018-04-20 11:57,-0.5378
2018-04-20 11:58,-0.4785
2018-04-20 11:59,-0.4909
2018-04-20 12:00,-0.598
2018-04-20 12:01,-0.5773
2018-04-20 12:02,-0.539
2018-04-20 12:03,-0.5677
2018-04-20 12:04,-0.4568
2018-04-20 12:05,-0.6161
2018-04-20 12:06,-0.6462
2018-04-20 12:07,-0.5993
2018-04-20 12:08,-0.6727
2018-04-20 12:09,-0.4986
2018-04-20 12:10,-0.4641
2018-04-20 12:11,-0.3893
2018-04-20 12:12,-0.3158
2018-04-20 12:13,-0.3448
2018-04-20 12:14,-0.2328
2018-04-20 12:15,-0.4281
2018-04-20 12:16,-0.5846
2018-04-20 12:17,-0.5428
2018-04-20 12:18,-0.7256
2018-04-20 12:19,-0.8756
2018-04-20 12:20,-1.0768
2018-04-20 12:21,-1.0736
2018-04-20 12:22,-0.822
2018-04-20 12:23,-0.7358
2018-04-20 12:24,-0.6169
2018-04-20 12:25,-0.6091
2018-04-20 12:26,-0.6771
2018-04-20 12:28,-0.4133
2018-04-20 12:29,-0.4642
2018-04-20 12:31,-0.5025
2018-04-20 12:32,-0.2136
2018-04-20 12:33,-0.2518
2018-04-20 12:34,-0.3034
2018-04-20 12:35,-0.3894
2018-04-20 12:36,-0.2071
2018-04-20 12:37,-0.248
2018-04-20 12:38,-0.3421
2018-04-20 12:39,-0.4068
2018-04-20 12:40,-0.5022
2018-04-20 12:41,-0.3453
2018-04-20 12:42,-0.426
2018-04-20 12:43,-0.3849
2018-04-20 12:44,-0.4758
2018-04-20 12:45,-0.49
2018-04-20 12:46,-0.4335
2018-04-20 12:47,-0.3675
2018-04-20 12:48,-0.1583
2018-04-20 12:49,-0.1549
2018-04-20 12:50,-0.4394
2018-04-20 12:51,-0.398
2018-04-20 12:52,-0.2987
2018-04-20 12:53,-0.2676
2018-04-20 12:54,-0.1972
2018-04-20 12:55,-0.3495
2018-04-20 12:56,-0.2579
2018-04-20 12:57,-0.3508
2018-04-20 12:58,-0.3465
2018-04-20 12:59,-0.2511
2018-04-20 13:00,-0.4071
2018-04-20 13:01,-0.3831
2018-04-20 13:02,-0.3582
2018-04-20 13:03,-0.2917
2018-04-20 13:04,-0.2242
2018-04-20 13:05,-0.2308
2018-04-20 13:06,-0.2382
2018-04-20 13:07,0.0232
2018-04-20 13:08,0.0279
2018-04-20 13:09,-0.045
2018-04-20 13:10,0.0065
2018-04-20 13:11,0.057
2018-04-20 13:12,0.0556
2018-04-20 13:13,0.0306
2018-04-20 13:14,0.167
2018-04-20 13:15,0.1874
2018-04-20 13:16,0.1837
2018-04-20 13:17,0.2479
2018-04-20 13:18,0.3342
2018-04-20 13:20,0.2086
2018-04-20 13:21,0.2402
2018-04-20 13:23,0.3844
2018-04-20 13:24,0.4478
2018-04-20 13:25,0.5105
2018-04-20 13:26,0.3833
2018-04-20 13:27,0.2377
2018-04-20 13:28,0.2918
2018-04-20 13:29,0.4631
2018-04-20 13:30,0.4191
2018-04-20 13:31,0.393
2018-04-20 13:32,0.4264
2018-04-20 13:33,0.5041
2018-04-20 13:34,0.2786
2018-04-20 13:35,0.2237
2018-04-20 13:37,0.2134
2018-04-20 13:38,0.2203
2018-04-20 13:39,0.1705
2018-04-20 13:40,0.3302
2018-04-20 13:41,0.411
2018-04-20 13:42,0.4827
2018-04-20 13:43,0.5172
2018-04-20 13:44,0.4876
2018-04-20 13:45,0.4909
2018-04-20 13:46,0.5415
2018-04-20 13:47,0.427
2018-04-20 13:48,0.437
2018-04-20 13:49,0.4056
2018-04-20 13:50,0.3286
2018-04-20 13:51,0.1187
2018-04-20 13:52,0.2024
2018-04-20 13:53,0.2634
2018-04-20 13:54,0.2973
2018-04-20 13:55,0.3213
2018-04-20 13:57,0.259
2018-04-20 13:58,0.0853
2018-04-20 13:59,0.0612
2018-04-20 14:01,-0.0291
2018-04-20 14:02,0.052
2018-04-20 14:03,0.2013
2018-04-20 14:04,0.1904
2018-04-20 14:05,0.261
2018-04-20 14:06,0.1663
2018-04-20 14:07,0.2063
2018-04-20 14:08,0.1598
2018-04-20 14:09,0.0622
2018-04-20 14:10,0.1757
2018-04-20 14:11,0.1198
2018-04-20 14:12,-0.0102
2018-04-20 14:13,-0.0918
2018-04-20 14:14,-0.0237
2018-04-20 14:15,-0.1132
2018-04-20 14:16,-0.2219
2018-04-20 14:17,-0.2335
2018-04-20 14:18,-0.203
2018-04-20 14:19,-0.3658
2018-04-20 14:20,-0.4296
2018-04-20 14:21,-0.4112
2018-04-20 14:22,-0.2844
2018-04-20 14:23,-0.2404
2018-04-20 14:24,-0.1511
2018-04-20 14:25,-0.1029
2018-04-20 14:26,-0.1094
2018-04-20 14:27,-0.1057
2018-04-20 14:28,-0.1668
2018-04-20 14:29,-0.1117
2018-04-20 14:30,-0.063
2018-04-20 14:31,-0.1482
2018-04-20 14:32,-0.3415
2018-04-20 14:33,-0.4054
2018-04-20 14:34,-0.4929
2018-04-20 14:35,-0.5254
2018-04-20 14:36,-0.5201
2018-04-20 14:37,-0.4796
2018-04-20 14:38,-0.4269
2018-04-20 14:39,-0.4851
2018-04-20 14:40,-0.4748
2018-04-20 14:41,-0.4884
2018-04-20 14:42,-0.5575
2018-04-20 14:43,-0.5982
2018-04-20 14:44,-0.6476
2018-04-20 14:45,-0.7007
2018-04-20 14:46,-0.757
2018-04-20 14:47,-0.8096
2018-04-20 14:48,-0.7003
2018-04-20 14:49,-0.7136
2018-04-20 14:50,-0.5727
2018-04-20 14:51,-0.6757
2018-04-20 14:52,-0.5016
2018-04-20 14:53,-0.5705
2018-04-20 14:54,-0.5528
2018-04-20 14:55,-0.4768
2018-04-20 14:56,-0.4682
2018-04-20 14:57,-0.5414
2018-04-20 14:58,-0.3917
2018-04-20 14:59,-0.3633
2018-04-20 15:00,-0.3802
2018-04-20 15:01,-0.4046
2018-04-20 15:02,-0.3518
2018-04-20 15:03,-0.4662
2018-04-20 15:04,-0.5201
2018-04-20 15:05,-0.6013
2018-04-20 15:06,-0.6084
2018-04-20 15:07,-0.6785
2018-04-20 15:08,-0.6825
2018-04-20 15:09,-0.6096
2018-04-20 15:10,-0.7829
2018-04-20 15:11,-0.6625
2018-04-20 15:12,-0.6277
2018-04-20 15:13,-0.539
2018-04-20 15:14,-0.5346
2018-04-20 15:15,-0.4123
2018-04-20 15:16,-0.5237
2018-04-20 15:17,-0.6037
2018-04-20 15:18,-0.5035
2018-04-20 15:19,-0.4341
2018-04-20 15:20,-0.4445
2018-04-20 15:21,-0.3441
2018-04-20 15:22,-0.5165
2018-04-20 15:23,-0.5658
2018-04-20 15:24,-0.5162
2018-04-20 15:25,-0.5689
2018-04-20 15:26,-0.4214
2018-04-20 15:27,-0.4427
2018-04-20 15:28,-0.4345
2018-04-20 15:29,-0.504
2018-04-20 15:30,-0.5556
2018-04-20 15:31,-0.515
2018-04-20 15:32,-0.3901
2018-04-20 15:33,-0.3754
2018-04-20 15:34,-0.4062
2018-04-20 15:35,-0.2948
2018-04-20 15:36,-0.28
2018-04-20 15:37,-0.1527
2018-04-20 15:38,-0.1368
2018-04-20 15:39,-0.1069
2018-04-20 15:40,-0.1838
2018-04-20 15:41,-0.2157
2018-04-20 15:42,-0.1887
2018-04-20 15:43,-0.2282
2018-04-20 15:44,-0.2678
2018-04-20 15:45,-0.2447
2018-04-20 15:46,-0.2806
2018-04-20 15:47,-0.2554
2018-04-20 15:48,-0.3342
2018-04-20 15:49,-0.1918
2018-04-20 15:50,-0.2392
2018-04-20 15:51,-0.2659
2018-04-20 15:52,-0.4328
2018-04-20 15:53,-0.2831
2018-04-20 15:54,-0.2737
2018-04-20 15:55,-0.1711
2018-04-20 15:56,-0.1216
2018-04-20 15:57,-0.2136
2018-04-20 15:58,-0.343
2018-04-20 15:59,-0.287
2018-04-20 16:00,-0.1229
